,Screen Name,Tweet,Date,Compound Score,Positive Score,Negative Score,Neutral Score,Tweets Ago
0,BBCWorld,Mali jihadist faces war crimes charges at International Criminal Court https://t.co/S9jP4zK1lS,Sat Mar 31 22:32:48 +0000 2018,-0.8555,0.0,0.54,0.46,1
1,BBCWorld,In pictures: Christians celebrate Easter around the world https://t.co/L3dNNyDAJi,Sat Mar 31 22:06:25 +0000 2018,0.5719,0.316,0.0,0.684,2
2,BBCWorld,French fairground ride hurls man to death https://t.co/bT1hIFLmpN,Sat Mar 31 21:15:33 +0000 2018,-0.5994,0.0,0.358,0.642,3
3,BBCWorld,Mount Everest: Sherpa to attempt record 22nd climb https://t.co/EeYVMBm9Kq,Sat Mar 31 21:05:46 +0000 2018,0.0,0.0,0.0,1.0,4
4,BBCWorld,Sri Lankan navy refloats WW2 ship https://t.co/VA0ndRRrnZ,Sat Mar 31 20:29:45 +0000 2018,0.0,0.0,0.0,1.0,5
5,BBCWorld,New footage emerges of the lead up to the 2016 police shooting of Alton Sterling https://t.co/5J8TDTNaAr,Sat Mar 31 18:40:18 +0000 2018,0.0,0.0,0.0,1.0,6
6,BBCWorld,Rhino census in India's Kaziranga park counts 12 more https://t.co/mEBe2fqFTo,Sat Mar 31 18:28:00 +0000 2018,0.0,0.0,0.0,1.0,7
7,BBCWorld,Donald Trump steps up attacks on Amazon https://t.co/2Z3qwpi0cZ,Sat Mar 31 18:18:54 +0000 2018,-0.296,0.16,0.274,0.566,8
8,BBCWorld,Spy poisoning: UK plays down Russia complaint at plane search https://t.co/ZVk7MIb3UY,Sat Mar 31 16:54:08 +0000 2018,-0.6124,0.125,0.375,0.5,9
9,BBCWorld,"RT @BBCSteveR: After reading today's Russian papers, I have some good news &amp; some bad news. The good news: this isn't a new cold war. The b‚Ä¶",Sat Mar 31 16:24:29 +0000 2018,0.6647,0.267,0.105,0.628,10
10,BBCWorld,Yemen war: Fire damages World Food Programme warehouses https://t.co/uz73fwDYMh,Sat Mar 31 16:14:12 +0000 2018,-0.8481,0.0,0.605,0.395,11
11,BBCWorld,French armed officers spark Italy migrant centre row https://t.co/91H7EAR5qs,Sat Mar 31 16:08:58 +0000 2018,0.2263,0.192,0.0,0.808,12
12,BBCWorld,There's a good reason why this woman was asked to play the flute during brain surgery üß† https://t.co/5SjPgUBZ77,Sat Mar 31 13:25:22 +0000 2018,0.6486,0.275,0.0,0.725,13
13,BBCWorld,Indian lowest-caste Dalit man killed 'for owning horse' https://t.co/kUtVnFkcFK,Sat Mar 31 12:53:38 +0000 2018,-0.6705,0.0,0.36,0.64,14
14,BBCWorld,"""I'm just so happy to be home""

@Malala on her return to Pakistan for the first time since being shot by Taliban mi‚Ä¶ https://t.co/cMcD8TUnuQ",Sat Mar 31 12:45:02 +0000 2018,0.6948,0.171,0.0,0.829,15
15,BBCWorld,"David Warner apologises for his part in the ball-tampering scandal and says he has a ""tiny ray of hope"" he might pl‚Ä¶ https://t.co/nK6g1EFbsf",Sat Mar 31 12:22:34 +0000 2018,0.2023,0.177,0.109,0.714,16
16,BBCWorld,Office lunch theft: the internet reacts https://t.co/9OHdHiqYrs,Sat Mar 31 12:06:03 +0000 2018,0.0,0.0,0.0,1.0,17
17,BBCWorld,Tesla in fatal California crash was in Autopilot https://t.co/AJd2tl4clO,Sat Mar 31 10:40:54 +0000 2018,-0.7351,0.0,0.47,0.53,18
18,BBCWorld,Spy poisoning: Russia expels more UK diplomats https://t.co/VuszYDdPxl,Sat Mar 31 10:05:53 +0000 2018,-0.7506,0.0,0.516,0.484,19
19,BBCWorld,RT @bbcthree: The amazing deaf dancer sharing his love and passion with others https://t.co/LdHnu8Fmct,Sat Mar 31 10:02:07 +0000 2018,0.93,0.58,0.0,0.42,20
20,BBCWorld,Mali jihadist faces war crimes charges at International Criminal Court https://t.co/S9jP4zK1lS,Sat Mar 31 22:32:48 +0000 2018,-0.8555,0.0,0.54,0.46,21
21,BBCWorld,In pictures: Christians celebrate Easter around the world https://t.co/L3dNNyDAJi,Sat Mar 31 22:06:25 +0000 2018,0.5719,0.316,0.0,0.684,22
22,BBCWorld,French fairground ride hurls man to death https://t.co/bT1hIFLmpN,Sat Mar 31 21:15:33 +0000 2018,-0.5994,0.0,0.358,0.642,23
23,BBCWorld,Mount Everest: Sherpa to attempt record 22nd climb https://t.co/EeYVMBm9Kq,Sat Mar 31 21:05:46 +0000 2018,0.0,0.0,0.0,1.0,24
24,BBCWorld,Sri Lankan navy refloats WW2 ship https://t.co/VA0ndRRrnZ,Sat Mar 31 20:29:45 +0000 2018,0.0,0.0,0.0,1.0,25
25,BBCWorld,New footage emerges of the lead up to the 2016 police shooting of Alton Sterling https://t.co/5J8TDTNaAr,Sat Mar 31 18:40:18 +0000 2018,0.0,0.0,0.0,1.0,26
26,BBCWorld,Rhino census in India's Kaziranga park counts 12 more https://t.co/mEBe2fqFTo,Sat Mar 31 18:28:00 +0000 2018,0.0,0.0,0.0,1.0,27
27,BBCWorld,Donald Trump steps up attacks on Amazon https://t.co/2Z3qwpi0cZ,Sat Mar 31 18:18:54 +0000 2018,-0.296,0.16,0.274,0.566,28
28,BBCWorld,Spy poisoning: UK plays down Russia complaint at plane search https://t.co/ZVk7MIb3UY,Sat Mar 31 16:54:08 +0000 2018,-0.6124,0.125,0.375,0.5,29
29,BBCWorld,"RT @BBCSteveR: After reading today's Russian papers, I have some good news &amp; some bad news. The good news: this isn't a new cold war. The b‚Ä¶",Sat Mar 31 16:24:29 +0000 2018,0.6647,0.267,0.105,0.628,30
30,BBCWorld,Yemen war: Fire damages World Food Programme warehouses https://t.co/uz73fwDYMh,Sat Mar 31 16:14:12 +0000 2018,-0.8481,0.0,0.605,0.395,31
31,BBCWorld,French armed officers spark Italy migrant centre row https://t.co/91H7EAR5qs,Sat Mar 31 16:08:58 +0000 2018,0.2263,0.192,0.0,0.808,32
32,BBCWorld,There's a good reason why this woman was asked to play the flute during brain surgery üß† https://t.co/5SjPgUBZ77,Sat Mar 31 13:25:22 +0000 2018,0.6486,0.275,0.0,0.725,33
33,BBCWorld,Indian lowest-caste Dalit man killed 'for owning horse' https://t.co/kUtVnFkcFK,Sat Mar 31 12:53:38 +0000 2018,-0.6705,0.0,0.36,0.64,34
34,BBCWorld,"""I'm just so happy to be home""

@Malala on her return to Pakistan for the first time since being shot by Taliban mi‚Ä¶ https://t.co/cMcD8TUnuQ",Sat Mar 31 12:45:02 +0000 2018,0.6948,0.171,0.0,0.829,35
35,BBCWorld,"David Warner apologises for his part in the ball-tampering scandal and says he has a ""tiny ray of hope"" he might pl‚Ä¶ https://t.co/nK6g1EFbsf",Sat Mar 31 12:22:34 +0000 2018,0.2023,0.177,0.109,0.714,36
36,BBCWorld,Office lunch theft: the internet reacts https://t.co/9OHdHiqYrs,Sat Mar 31 12:06:03 +0000 2018,0.0,0.0,0.0,1.0,37
37,BBCWorld,Tesla in fatal California crash was in Autopilot https://t.co/AJd2tl4clO,Sat Mar 31 10:40:54 +0000 2018,-0.7351,0.0,0.47,0.53,38
38,BBCWorld,Spy poisoning: Russia expels more UK diplomats https://t.co/VuszYDdPxl,Sat Mar 31 10:05:53 +0000 2018,-0.7506,0.0,0.516,0.484,39
39,BBCWorld,RT @bbcthree: The amazing deaf dancer sharing his love and passion with others https://t.co/LdHnu8Fmct,Sat Mar 31 10:02:07 +0000 2018,0.93,0.58,0.0,0.42,40
40,BBCWorld,"Hate food waste, love beer? üçûüçª https://t.co/PVeDQIkm03",Sat Mar 31 09:44:56 +0000 2018,-0.3182,0.286,0.442,0.272,41
41,BBCWorld,"RT @BBCSport: David Warner has said he is ""resigned to the fact"" he may never play for Australia again after his part in the ball-tampering‚Ä¶",Sat Mar 31 08:58:31 +0000 2018,-0.4653,0.0,0.149,0.851,42
42,BBCWorld,Inside train used by Kim Jong-un to travel to China https://t.co/PMd9X2jXiu,Sat Mar 31 08:16:07 +0000 2018,0.0,0.0,0.0,1.0,43
43,BBCWorld,Alton Sterling: Cop dismissed over deadly Baton Rouge shooting https://t.co/ESU3RvAa3V,Sat Mar 31 08:02:11 +0000 2018,0.0,0.0,0.0,1.0,44
44,BBCWorld,"Chocolate, cherries and Craig David https://t.co/ieqwqjtREN",Sat Mar 31 07:31:06 +0000 2018,0.0,0.0,0.0,1.0,45
45,BBCWorld,The graveyard of VW cars... ‚ö∞Ô∏è https://t.co/EE9Kw1y1xP,Sat Mar 31 07:26:42 +0000 2018,-0.296,0.0,0.268,0.732,46
46,BBCWorld,Malala returns to home town in Pakistan https://t.co/gPp8uHZInn,Sat Mar 31 05:43:43 +0000 2018,0.0,0.0,0.0,1.0,47
47,BBCWorld,Australia ball-tampering: David Warner's tearful apology https://t.co/uHjhDMGR4U,Sat Mar 31 05:34:20 +0000 2018,0.0516,0.167,0.0,0.833,48
48,BBCWorld,Gaza-Israel border: UN seeks investigation over protest deaths https://t.co/slJ8bJ1KcX,Sat Mar 31 04:14:12 +0000 2018,-0.25,0.0,0.2,0.8,49
49,BBCWorld,Avatar: Scientology-style sect causes concern in Netherlands https://t.co/hGKfvz5aKk,Sat Mar 31 03:55:06 +0000 2018,0.0,0.0,0.0,1.0,50
50,BBCWorld,Sierra Leone votes in run-off between Maada Bio and Kamara https://t.co/6h2urangUI,Sat Mar 31 03:40:41 +0000 2018,0.0,0.0,0.0,1.0,51
51,BBCWorld,US may tie social media to visa applications https://t.co/T1ZkMcEGVs,Sat Mar 31 02:12:09 +0000 2018,0.0,0.0,0.0,1.0,52
52,BBCWorld,Spring in Tashkent: Is Uzbekistan really opening up? https://t.co/b2DaiL0v6F,Sat Mar 31 01:44:15 +0000 2018,0.0,0.0,0.0,1.0,53
53,BBCWorld,Lake Chad: Can the vanishing lake be saved? https://t.co/30w1kByrbV,Sat Mar 31 01:22:22 +0000 2018,0.4215,0.259,0.0,0.741,54
54,BBCWorld,In pictures: The churches of Lalibela in Ethiopia https://t.co/9GlKDomFOo,Sat Mar 31 00:38:37 +0000 2018,0.0,0.0,0.0,1.0,55
55,BBCWorld,Breaking the period taboo in Pakistan https://t.co/zYqf0Us2fI,Fri Mar 30 23:56:50 +0000 2018,0.0,0.0,0.0,1.0,56
56,BBCWorld,The men who had millions of lives in their hands https://t.co/bCDHwa18TE,Fri Mar 30 23:51:49 +0000 2018,0.0,0.0,0.0,1.0,57
57,BBCWorld,"Costa Rica polls: 'People hate us, we might move to Spain' https://t.co/Irr88AL04W",Fri Mar 30 23:49:19 +0000 2018,-0.5719,0.0,0.252,0.748,58
58,BBCWorld,The country where children fear election time https://t.co/Ns92Bo3Oq2,Fri Mar 30 23:29:22 +0000 2018,-0.4939,0.0,0.314,0.686,59
59,BBCWorld,Week in pictures: 24 - 30 March 2018 https://t.co/iS4Cvu0Am0,Fri Mar 30 23:24:44 +0000 2018,0.0,0.0,0.0,1.0,60
60,BBCWorld,"Prince Laurent: ‚Ç¨46,000 blow for Belgium's 'cursed prince' https://t.co/FauI5N9jNo",Fri Mar 30 23:07:50 +0000 2018,0.0,0.0,0.0,1.0,61
61,BBCWorld,North Korea sanctions: UN blacklists shipping firms https://t.co/URRJ9FYvSX,Fri Mar 30 22:01:24 +0000 2018,0.0,0.0,0.0,1.0,62
62,BBCWorld,Iowa man wins legal battle to say hometown stinks https://t.co/L0Yxag5UGd,Fri Mar 30 21:43:33 +0000 2018,0.1531,0.329,0.291,0.38,63
63,BBCWorld,Mauritania court gives toughest sentence for slave owners https://t.co/JgcmnJy1DV,Fri Mar 30 19:15:36 +0000 2018,0.0,0.135,0.135,0.729,64
64,BBCWorld,Police shot unarmed US man '7 times in back' https://t.co/XhBhOwZfw6,Fri Mar 30 18:48:07 +0000 2018,0.0,0.0,0.0,1.0,65
65,BBCWorld,Schwarzenegger has heart surgery https://t.co/7q1nkfhBuK,Fri Mar 30 17:32:08 +0000 2018,0.0,0.0,0.0,1.0,66
66,BBCWorld,Ronaldo statue: Sculptor Emanuel Santos takes another shot at bust https://t.co/uJ7u1IS5uN,Fri Mar 30 17:19:55 +0000 2018,0.0,0.0,0.0,1.0,67
67,BBCWorld,Texas woman jailed for five years for 'accidental' voter fraud https://t.co/x0oGoCCEED,Fri Mar 30 17:05:13 +0000 2018,-0.7906,0.0,0.438,0.562,68
68,BBCWorld,Parkland student David Hogg rejects Fox News host's apology https://t.co/bt9Eu2uCbB,Fri Mar 30 16:48:14 +0000 2018,-0.4588,0.097,0.258,0.645,69
69,BBCWorld,Kosovo security chiefs sacked after six Turks deported https://t.co/ECtnW0DivL,Fri Mar 30 16:46:04 +0000 2018,0.34,0.231,0.0,0.769,70
70,BBCWorld,Noor Salman: Pulse nightclub shooter's widow not guilty https://t.co/afpEyQwyDJ,Fri Mar 30 14:35:32 +0000 2018,0.3252,0.226,0.0,0.774,71
71,BBCWorld,Vatican: Pope did not say there is no hell https://t.co/k9htWRJoNF,Fri Mar 30 13:43:56 +0000 2018,-0.7783,0.0,0.459,0.541,72
72,BBCWorld,Scammers impersonate French first lady Brigitte Macron https://t.co/SE4Wy6tWPB,Fri Mar 30 13:41:07 +0000 2018,0.0,0.0,0.0,1.0,73
73,BBCWorld,Lindsay Lohan loses GTA V privacy case appeal https://t.co/es4JwTwbFC,Fri Mar 30 13:01:35 +0000 2018,-0.3182,0.0,0.247,0.753,74
74,BBCWorld,Syria war: Turkey's Erdogan rejects French mediation offer https://t.co/aPHKNjOvSs,Fri Mar 30 12:56:56 +0000 2018,-0.7964,0.0,0.504,0.496,75
75,BBCWorld,Kim Jong-un visit: What else crosses the China-North Korea border? https://t.co/lPmI1xe0LS,Fri Mar 30 12:54:35 +0000 2018,0.0,0.0,0.0,1.0,76
76,BBCWorld,"China's 'Jack the Ripper', Gao Chengyong, sentenced to death https://t.co/e8NAzpiKr2",Fri Mar 30 12:21:15 +0000 2018,-0.6124,0.0,0.385,0.615,77
77,BBCWorld,Test-launch footage of Russian ballistic missile Satan 2 https://t.co/X7CXi0R8Ss,Fri Mar 30 12:14:19 +0000 2018,0.0,0.0,0.0,1.0,78
78,BBCWorld,Spy poisoning: Russia expels 'unfriendly' Western diplomats https://t.co/BKgQvPNzfc,Fri Mar 30 12:04:18 +0000 2018,-0.7506,0.0,0.516,0.484,79
79,BBCWorld,"Coffee sold in California must carry cancer warning, judge rules https://t.co/TcX5BjGb8o",Fri Mar 30 11:04:58 +0000 2018,-0.7783,0.0,0.43,0.57,80
80,BBCWorld,Russia state of emergency as toxic dump fumes hit town near Moscow https://t.co/jzgICamFwk,Fri Mar 30 10:10:34 +0000 2018,-0.6486,0.0,0.387,0.613,81
81,BBCWorld,Facebook 'ugly truth' growth memo haunts firm https://t.co/wkFtFBoWsH,Fri Mar 30 09:51:30 +0000 2018,-0.1027,0.345,0.373,0.282,82
82,BBCWorld,NZ seniors' group hits back at 'elderly driver' plates https://t.co/KrHANEWpya,Fri Mar 30 09:27:39 +0000 2018,0.0,0.0,0.0,1.0,83
83,BBCWorld,Grace Mugabe's farm invaded by Zimbabwe gold diggers https://t.co/tTffJxjUDr,Fri Mar 30 09:01:54 +0000 2018,0.4215,0.259,0.0,0.741,84
84,BBCWorld,"RT @BBCVishalaSP: Female cabin crew at Cathay Pacific have won a battle to scrap a rule forcing them to wear skirts, we're asking does work‚Ä¶",Fri Mar 30 07:46:20 +0000 2018,0.2732,0.136,0.095,0.769,85
85,BBCWorld,The South Korean rock band returning to perform in Pyongyang https://t.co/Wdyum09TQf,Fri Mar 30 07:27:58 +0000 2018,0.0,0.0,0.0,1.0,86
86,BBCWorld,"Colombian church donates 250,000 communion wafers to Venezuela https://t.co/UWTGBxvtQx",Fri Mar 30 07:18:08 +0000 2018,0.0,0.0,0.0,1.0,87
87,BBCWorld,Easter: Irish pubs lift Good Friday alcohol ban https://t.co/Jfs8mwLBqL,Fri Mar 30 05:55:35 +0000 2018,-0.1779,0.215,0.267,0.519,88
88,BBCWorld,RT @BBCNewsAsia: The former Korean Air executive who was sacked and jailed for a 'nut rage' tantrum on board a plane has made a corporate c‚Ä¶,Fri Mar 30 05:49:39 +0000 2018,-0.8625,0.0,0.324,0.676,89
89,BBCWorld,"RT @BBCNewsAsia: Brace yourselves. 

China's defunct space lab, Tiangong-1, should fall to Earth over the weekend. https://t.co/D6zHr74mUA",Fri Mar 30 05:12:28 +0000 2018,0.0,0.0,0.0,1.0,90
90,BBCWorld,Korean Air 'nut rage' heiress makes management comeback https://t.co/nmrvz2wGnG,Fri Mar 30 04:51:40 +0000 2018,-0.5574,0.0,0.31,0.69,91
91,BBCWorld,RT @BBCNewsAsia: Just in case you missed this epic story of how a camera lost at sea for more than two years was discovered on a Taiwan bea‚Ä¶,Fri Mar 30 04:44:59 +0000 2018,-0.5423,0.0,0.158,0.842,92
92,BBCWorld,"RT @BBCNewsAsia: ‚ö°Ô∏è ‚ÄúCamera lost at sea for over two years found and returned to owner‚Äù

https://t.co/V9moYw1ehI",Fri Mar 30 04:42:27 +0000 2018,-0.3182,0.0,0.126,0.874,93
93,BBCWorld,Cathay Pacific ends skirts-only rule for female staff https://t.co/3PTcts8skV,Fri Mar 30 04:42:04 +0000 2018,0.0,0.0,0.0,1.0,94
94,BBCWorld,Shelling 'kills Palestinian' in Gaza https://t.co/waX7SlXTUt,Fri Mar 30 04:28:03 +0000 2018,-0.5423,0.0,0.412,0.588,95
95,BBCWorld,"RT @BBCBreaking: Israeli shelling reportedly kills a Palestinian in Gaza, where tension is high ahead of a protest along the border https:/‚Ä¶",Fri Mar 30 04:25:00 +0000 2018,-0.7783,0.0,0.315,0.685,96
96,BBCWorld,"RT @BBCNewsAsia: Even in no man's land, Rohingya children know how to play and have fun. https://t.co/CEHN7XNEHS",Fri Mar 30 03:27:13 +0000 2018,0.5423,0.26,0.1,0.639,97
97,BBCWorld,"RT @BBCNewsAsia: A strong magnitude 6.9 earthquake has struck off the cost of Papua New Guinea's New Britain island, the US Geological Surv‚Ä¶",Fri Mar 30 02:37:02 +0000 2018,0.3182,0.13,0.079,0.791,98
98,BBCWorld,El Salvador's shackled deportees become friends in adversity https://t.co/30m9g4A9mA,Fri Mar 30 02:24:13 +0000 2018,0.0772,0.24,0.217,0.543,99
99,BBCWorld,Africa's week in pictures: 23-29 March 2018 https://t.co/OaN91YnM2C,Fri Mar 30 02:21:14 +0000 2018,0.0,0.0,0.0,1.0,100
100,CBSNews,"""Palm Sunday Massacre"" killer Christopher Thomas freed after 34 years in prison https://t.co/ZsC1kuB2Ip https://t.co/5MpwHgnDo7",Sat Mar 31 23:02:05 +0000 2018,-0.7096,0.127,0.357,0.516,1
101,CBSNews,"Family in SUV cliff plunge got death threats after viral photo, friend says
https://t.co/cENir7MTra https://t.co/SCetkL9xDq",Sat Mar 31 22:40:01 +0000 2018,-0.5423,0.146,0.306,0.548,2
102,CBSNews,A Boston firefighter has been arrested for allegedly crashing into a police vehicle and fleeing the scene just one‚Ä¶ https://t.co/B62zSxkbvU,Sat Mar 31 22:20:01 +0000 2018,-0.4767,0.0,0.154,0.846,3
103,CBSNews,A new ‚ÄúLive to Tell‚Äù takes you inside the world of sex trafficking and introduces you to the heroes helping survivo‚Ä¶ https://t.co/ppd1KO6xvv,Sat Mar 31 22:00:24 +0000 2018,0.6705,0.224,0.0,0.776,4
104,CBSNews,"A 19,000-pound space station is falling toward Earth and scientists project it may land sometime between Saturday a‚Ä¶ https://t.co/AxP8IvUmpR",Sat Mar 31 21:40:30 +0000 2018,-0.1531,0.0,0.086,0.914,5
105,CBSNews,"They say one man's trash is another man's treasure, but for one New Yorker,  trash isn't just an inspiration‚Ä¶ https://t.co/IVqitutorh",Sat Mar 31 21:20:01 +0000 2018,0.1531,0.078,0.0,0.922,6
106,CBSNews,"Dramatic video shows gun-wielding Texas driver shot dead by officer:
https://t.co/ugCuwlZn1e https://t.co/hjLhaYUdmT",Sat Mar 31 21:00:02 +0000 2018,-0.6486,0.0,0.281,0.719,7
107,CBSNews,It's #FinalFour Saturday. Here's how to watch tonight's games:  https://t.co/tcYxXsxzID https://t.co/RuL0AQh7wP,Sat Mar 31 20:40:01 +0000 2018,0.0,0.0,0.0,1.0,8
108,CBSNews,"‚ÄúIf you don‚Äôt do something about it, then who are you? ... It can happen to anyone.‚Äù https://t.co/SGwTNrpO3a https://t.co/zrWTw5US4a",Sat Mar 31 20:20:31 +0000 2018,0.0,0.0,0.0,1.0,9
109,CBSNews,Preservationists are racing against time as they try to save a shipwreck that washed up on a Florida beach‚Ä¶ https://t.co/6ucLe9o22o,Sat Mar 31 20:00:02 +0000 2018,0.4939,0.158,0.0,0.842,10
110,CBSNews,EPA chief Scott Pruitt rented a bedroom in a Capitol Hill condo from the wife of a Washington lobbyist from mid-Feb‚Ä¶ https://t.co/PsztbyQx9H,Sat Mar 31 19:40:01 +0000 2018,0.0,0.0,0.0,1.0,11
111,CBSNews,U.S. soldier killed in Syria identified as 36-year-old Master Sgt. Johnathan J. Dunbar https://t.co/lWczCab2sT https://t.co/d5W5nFZavB,Sat Mar 31 19:20:01 +0000 2018,-0.6705,0.0,0.243,0.757,12
112,CBSNews,"Dallas police are looking for the person who stole several guitars from Nils Lofgren, the longtime guitarist with B‚Ä¶ https://t.co/gQQ3kSFRoD",Sat Mar 31 19:00:02 +0000 2018,0.0,0.0,0.0,1.0,13
113,CBSNews,"Rocker Ted Nugent says the Florida students calling for gun control have ""no soul"" and are ""mushy brained children""‚Ä¶ https://t.co/APv1zhvPoJ",Sat Mar 31 18:40:02 +0000 2018,-0.5574,0.0,0.204,0.796,14
114,CBSNews,The Mormon church injects diversity into a top leadership panel by tapping the first-ever Latin American apostle an‚Ä¶ https://t.co/dt5Y62woDD,Sat Mar 31 18:20:01 +0000 2018,0.2023,0.096,0.0,0.904,15
115,CBSNews,Want to quit Facebook? Here's how you can download your data before you go: https://t.co/w36nCXsMX0 https://t.co/8YekMub5cq,Sat Mar 31 18:00:38 +0000 2018,0.0772,0.08,0.0,0.92,16
116,CBSNews,"Trouble is brewing for coffee lovers in California, where a judge ruled that sellers must post warnings about cance‚Ä¶ https://t.co/9Elj3hpCHH",Sat Mar 31 17:40:01 +0000 2018,-0.128,0.14,0.202,0.658,17
117,CBSNews,"Hundreds lined streets of Cambridge on Saturday to honor Stephen Hawking, breaking into applause as the hearse carr‚Ä¶ https://t.co/fgoC2PAgy5",Sat Mar 31 17:20:02 +0000 2018,0.7184,0.261,0.0,0.739,18
118,CBSNews,"Malala Yousafzai arrived in her hometown of Mingora, Pakistan, for the first time since a Taliban militant shot her‚Ä¶ https://t.co/lFJRlycpAW",Sat Mar 31 17:00:30 +0000 2018,0.0,0.0,0.0,1.0,19
119,CBSNews,President Trump blasts Amazon ‚Äî but his campaign used it regularly for office supplies https://t.co/pbQg5fUFDN https://t.co/iMZFZieMxT,Sat Mar 31 16:41:02 +0000 2018,0.09,0.088,0.0,0.912,20
120,CBSNews,"""Palm Sunday Massacre"" killer Christopher Thomas freed after 34 years in prison https://t.co/ZsC1kuB2Ip https://t.co/5MpwHgnDo7",Sat Mar 31 23:02:05 +0000 2018,-0.7096,0.127,0.357,0.516,21
121,CBSNews,"Family in SUV cliff plunge got death threats after viral photo, friend says
https://t.co/cENir7MTra https://t.co/SCetkL9xDq",Sat Mar 31 22:40:01 +0000 2018,-0.5423,0.146,0.306,0.548,22
122,CBSNews,A Boston firefighter has been arrested for allegedly crashing into a police vehicle and fleeing the scene just one‚Ä¶ https://t.co/B62zSxkbvU,Sat Mar 31 22:20:01 +0000 2018,-0.4767,0.0,0.154,0.846,23
123,CBSNews,A new ‚ÄúLive to Tell‚Äù takes you inside the world of sex trafficking and introduces you to the heroes helping survivo‚Ä¶ https://t.co/ppd1KO6xvv,Sat Mar 31 22:00:24 +0000 2018,0.6705,0.224,0.0,0.776,24
124,CBSNews,"A 19,000-pound space station is falling toward Earth and scientists project it may land sometime between Saturday a‚Ä¶ https://t.co/AxP8IvUmpR",Sat Mar 31 21:40:30 +0000 2018,-0.1531,0.0,0.086,0.914,25
125,CBSNews,"They say one man's trash is another man's treasure, but for one New Yorker,  trash isn't just an inspiration‚Ä¶ https://t.co/IVqitutorh",Sat Mar 31 21:20:01 +0000 2018,0.1531,0.078,0.0,0.922,26
126,CBSNews,"Dramatic video shows gun-wielding Texas driver shot dead by officer:
https://t.co/ugCuwlZn1e https://t.co/hjLhaYUdmT",Sat Mar 31 21:00:02 +0000 2018,-0.6486,0.0,0.281,0.719,27
127,CBSNews,It's #FinalFour Saturday. Here's how to watch tonight's games:  https://t.co/tcYxXsxzID https://t.co/RuL0AQh7wP,Sat Mar 31 20:40:01 +0000 2018,0.0,0.0,0.0,1.0,28
128,CBSNews,"‚ÄúIf you don‚Äôt do something about it, then who are you? ... It can happen to anyone.‚Äù https://t.co/SGwTNrpO3a https://t.co/zrWTw5US4a",Sat Mar 31 20:20:31 +0000 2018,0.0,0.0,0.0,1.0,29
129,CBSNews,Preservationists are racing against time as they try to save a shipwreck that washed up on a Florida beach‚Ä¶ https://t.co/6ucLe9o22o,Sat Mar 31 20:00:02 +0000 2018,0.4939,0.158,0.0,0.842,30
130,CBSNews,EPA chief Scott Pruitt rented a bedroom in a Capitol Hill condo from the wife of a Washington lobbyist from mid-Feb‚Ä¶ https://t.co/PsztbyQx9H,Sat Mar 31 19:40:01 +0000 2018,0.0,0.0,0.0,1.0,31
131,CBSNews,U.S. soldier killed in Syria identified as 36-year-old Master Sgt. Johnathan J. Dunbar https://t.co/lWczCab2sT https://t.co/d5W5nFZavB,Sat Mar 31 19:20:01 +0000 2018,-0.6705,0.0,0.243,0.757,32
132,CBSNews,"Dallas police are looking for the person who stole several guitars from Nils Lofgren, the longtime guitarist with B‚Ä¶ https://t.co/gQQ3kSFRoD",Sat Mar 31 19:00:02 +0000 2018,0.0,0.0,0.0,1.0,33
133,CBSNews,"Rocker Ted Nugent says the Florida students calling for gun control have ""no soul"" and are ""mushy brained children""‚Ä¶ https://t.co/APv1zhvPoJ",Sat Mar 31 18:40:02 +0000 2018,-0.5574,0.0,0.204,0.796,34
134,CBSNews,The Mormon church injects diversity into a top leadership panel by tapping the first-ever Latin American apostle an‚Ä¶ https://t.co/dt5Y62woDD,Sat Mar 31 18:20:01 +0000 2018,0.2023,0.096,0.0,0.904,35
135,CBSNews,Want to quit Facebook? Here's how you can download your data before you go: https://t.co/w36nCXsMX0 https://t.co/8YekMub5cq,Sat Mar 31 18:00:38 +0000 2018,0.0772,0.08,0.0,0.92,36
136,CBSNews,"Trouble is brewing for coffee lovers in California, where a judge ruled that sellers must post warnings about cance‚Ä¶ https://t.co/9Elj3hpCHH",Sat Mar 31 17:40:01 +0000 2018,-0.128,0.14,0.202,0.658,37
137,CBSNews,"Hundreds lined streets of Cambridge on Saturday to honor Stephen Hawking, breaking into applause as the hearse carr‚Ä¶ https://t.co/fgoC2PAgy5",Sat Mar 31 17:20:02 +0000 2018,0.7184,0.261,0.0,0.739,38
138,CBSNews,"Malala Yousafzai arrived in her hometown of Mingora, Pakistan, for the first time since a Taliban militant shot her‚Ä¶ https://t.co/lFJRlycpAW",Sat Mar 31 17:00:30 +0000 2018,0.0,0.0,0.0,1.0,39
139,CBSNews,President Trump blasts Amazon ‚Äî but his campaign used it regularly for office supplies https://t.co/pbQg5fUFDN https://t.co/iMZFZieMxT,Sat Mar 31 16:41:02 +0000 2018,0.09,0.088,0.0,0.912,40
140,CBSNews,"Tiangong 1, China's defunct and reportedly out-of-control space station, is about to re-enter Earth's atmosphere --‚Ä¶ https://t.co/f8VSyGeFN2",Sat Mar 31 16:20:01 +0000 2018,0.0,0.0,0.0,1.0,41
141,CBSNews,"Rep. Elizabeth Esty, an outspoken advocate for the #MeToo movement, says she won't step down after failing to prote‚Ä¶ https://t.co/WwMfthR8Zn",Sat Mar 31 16:00:02 +0000 2018,-0.5106,0.0,0.148,0.852,42
142,CBSNews,"President Trump's administration has frozen $200 million earmarked for Syria recovery efforts, CBS News confirms‚Ä¶ https://t.co/OFQw4PG2qm",Sat Mar 31 15:40:01 +0000 2018,0.0,0.0,0.0,1.0,43
143,CBSNews,"Israel will target militant groups inside Gaza if violence along the territory's border with Israel drags on, the c‚Ä¶ https://t.co/tQ9Wxho1hj",Sat Mar 31 15:22:01 +0000 2018,-0.7003,0.0,0.244,0.756,44
144,CBSNews,"President Trump is continuing his spat with Amazon, but does the U.S. Postal Service actually lose money on the e-c‚Ä¶ https://t.co/A4Lxwm874g",Sat Mar 31 15:00:02 +0000 2018,-0.4939,0.056,0.149,0.795,45
145,CBSNews,"Tesla says a vehicle involved in a deadly crash last week was operating on its ""Autopilot"" system‚Ä¶ https://t.co/jDV5oosmNE",Sat Mar 31 14:40:01 +0000 2018,-0.4019,0.0,0.153,0.847,46
146,CBSNews,"President Trump, citing no evidence, claims Amazon uses Washington Post as a ""lobbyist"" https://t.co/psI4KsCeHT https://t.co/XKS8QZD5EW",Sat Mar 31 14:21:01 +0000 2018,-0.128,0.107,0.138,0.755,47
147,CBSNews,Calls for charges against two officers in the shooting of Stephon Clark are intensifying after autopsy contradicts‚Ä¶ https://t.co/rP4HajfGn8,Sat Mar 31 14:00:48 +0000 2018,-0.2732,0.0,0.11,0.89,48
148,CBSNews,Nobel Peace Prize winner Malala Yousafzai has returned to her Pakistan home for the first time since Taliban milita‚Ä¶ https://t.co/IYvSghsHmm,Sat Mar 31 13:40:01 +0000 2018,0.891,0.384,0.0,0.616,49
149,CBSNews,A winning ticket for a Mega Millions jackpot estimated at $521 million has been sold in New Jersey‚Ä¶ https://t.co/7KeWR2UXfL,Sat Mar 31 13:20:01 +0000 2018,0.5267,0.175,0.0,0.825,50
150,CBSNews,Body camera videos show volunteer officer shooting at driver in South Carolina https://t.co/i7I5lUW7S4 https://t.co/7VCPhJBhA2,Sat Mar 31 13:03:03 +0000 2018,0.0,0.0,0.0,1.0,51
151,CBSNews,RT @CBSThisMorning: UPDATE: #MegaMillions says a single winning ticket was sold in New Jersey. Friday's jackpot winner will receive an esti‚Ä¶,Sat Mar 31 12:57:27 +0000 2018,0.802,0.286,0.0,0.714,52
152,CBSNews,"5 ways the ""Roseanne"" reboot embraces modern America https://t.co/iQ8Jmk7Yy8 https://t.co/8j9rBh1f8M",Sat Mar 31 12:48:03 +0000 2018,0.0,0.0,0.0,1.0,53
153,CBSNews,Suspect in slaying of off-duty officer in Kentucky killed by deputies after manhunt https://t.co/R15V0kEPWe https://t.co/7yKRIdVWZK,Sat Mar 31 12:33:04 +0000 2018,-0.7717,0.0,0.34,0.66,54
154,CBSNews,"Malala Yousafzai, Nobel laureate, returns to Pakistan home https://t.co/Gwt5yZ7BT6 https://t.co/8pw9wvER2M",Sat Mar 31 12:30:10 +0000 2018,0.0,0.0,0.0,1.0,55
155,CBSNews,Does the post office lose money on Amazon? https://t.co/aZuUUU3P4d https://t.co/8yIfLSilHc,Sat Mar 31 12:18:03 +0000 2018,-0.25,0.137,0.218,0.645,56
156,CBSNews,Schlitterbahn water park indictments highlight lax state rules https://t.co/UiGkqCPdLb https://t.co/Yftyqutp8i,Sat Mar 31 12:03:03 +0000 2018,0.34,0.211,0.0,0.789,57
157,CBSNews,RT @CBSThisMorning: No winners yet... check your #MegaMillions tickets!  https://t.co/CCZ28PLfOa https://t.co/9OQAKtzPdH,Sat Mar 31 11:51:28 +0000 2018,0.2942,0.232,0.151,0.617,58
158,CBSNews,San Francisco police release video of deadly barber shop shooting https://t.co/uu4LTvGoQ6 https://t.co/5EoxQokvNG,Sat Mar 31 11:48:03 +0000 2018,0.0,0.0,0.0,1.0,59
159,CBSNews,RT @CBSThisMorning: Nobel Peace Prize-winner @Malala Yousafzai is back in Pakistan for the first time in more than five years. She arrived‚Ä¶,Sat Mar 31 11:43:00 +0000 2018,0.5423,0.143,0.0,0.857,60
160,CBSNews,Widespread teacher absences close Kentucky schools amid anger over pension bill https://t.co/cODcEXjXZl https://t.co/1HjqG0POYQ,Sat Mar 31 11:33:05 +0000 2018,-0.5719,0.0,0.236,0.764,61
161,CBSNews,Autopsy disputing police account of Stephon Clark shooting sparks anger https://t.co/zQVyvPR5sX https://t.co/wZEXbsPu1G,Sat Mar 31 11:30:10 +0000 2018,-0.7506,0.0,0.39,0.61,62
162,CBSNews,Noor Salman verdict: Pulse nightclub gunman's widow not guilty https://t.co/NaxoS2d87Q https://t.co/FyvRp0ysnf,Sat Mar 31 11:18:04 +0000 2018,0.4464,0.304,0.0,0.696,63
163,CBSNews,"""Huge concern"" about spread of super-resistant gonorrhea https://t.co/1y7J853vfe https://t.co/2HNdL531l2",Sat Mar 31 11:03:04 +0000 2018,0.3182,0.223,0.0,0.777,64
164,CBSNews,"Fired FBI deputy Andrew McCabe raises over $200,000 to pay for legal bills https://t.co/V6vNSYbROo https://t.co/73j2bFJDgb",Sat Mar 31 10:48:03 +0000 2018,-0.5423,0.081,0.27,0.649,65
165,CBSNews,America's worst (and best) airports for flying on schedule https://t.co/k2Ap3exo52 https://t.co/suFzGFry3H,Sat Mar 31 10:33:04 +0000 2018,-0.6249,0.0,0.291,0.709,66
166,CBSNews,An accountant turned Chicago Blackhawks goalie stars in NHL debut https://t.co/anzlkam5pX https://t.co/ksC1aPs7rd,Sat Mar 31 10:18:03 +0000 2018,0.0,0.0,0.0,1.0,67
167,CBSNews,David Hogg rejects Fox News host Laura Ingraham's apology https://t.co/13S9lJ1yWq https://t.co/pQqo9ptSjC,Sat Mar 31 10:03:05 +0000 2018,-0.4588,0.09,0.239,0.672,68
168,CBSNews,EPA chief Scott Pruitt lived in DC condo connected to energy lobbyist https://t.co/8mAo5ylUVD https://t.co/Rpt0QjkRbh,Sat Mar 31 09:48:04 +0000 2018,0.2732,0.139,0.0,0.861,69
169,CBSNews,2016 Facebook memo suggests company values growth over user safety https://t.co/Len3WHiqbH https://t.co/FK2RPpq9Ap,Sat Mar 31 09:33:05 +0000 2018,0.7964,0.474,0.0,0.526,70
170,CBSNews,ICE ends automatic release of most pregnant detainees https://t.co/Pe2A0NATZp https://t.co/1EBHWnOn6b,Sat Mar 31 09:18:03 +0000 2018,0.0,0.0,0.0,1.0,71
171,CBSNews,Sacramento home for sale ‚Äî to anyone who doesn't support Trump https://t.co/ThfjVsHP3I https://t.co/tCn9NR9Pas,Sat Mar 31 09:03:04 +0000 2018,-0.3089,0.0,0.17,0.83,72
172,CBSNews,"Pope Francis did not tell journalist ""there is no hell,"" Vatican says https://t.co/fmdKrVtUks https://t.co/0w9a9Ivghj",Sat Mar 31 08:48:03 +0000 2018,-0.296,0.0,0.145,0.855,73
173,CBSNews,"Stephon Clark shot multiple times in back, says expert who conducted independent autopsy https://t.co/fWKM2LcR64 https://t.co/0TDGRfIbb1",Sat Mar 31 08:33:04 +0000 2018,0.0,0.0,0.0,1.0,74
174,CBSNews,Suspected drunk driver kills 3 Las Vegas teens in fiery crash https://t.co/h2jKsBPDkY https://t.co/Pk6xKfA3wO,Sat Mar 31 08:18:03 +0000 2018,-0.8979,0.0,0.648,0.352,75
175,CBSNews,7 devotees nailed to wooden crosses on Good Friday in Philippines https://t.co/f2vqBZacNw https://t.co/dJmHp99EoE,Sat Mar 31 08:03:04 +0000 2018,0.5267,0.306,0.0,0.694,76
176,CBSNews,Everything that's going wrong for Facebook right now https://t.co/hcMlUF9aNW https://t.co/FAWDBCz38m,Sat Mar 31 07:48:03 +0000 2018,-0.4767,0.0,0.256,0.744,77
177,CBSNews,"Starbucks, others must carry cancer warning in California, judge rules https://t.co/s0MVD5l9ep https://t.co/GKtAHKzbCB",Sat Mar 31 07:33:04 +0000 2018,-0.7783,0.0,0.405,0.595,78
178,CBSNews,New revelations about alleged sex cult leader accused of branding women https://t.co/JEjl3QXAFZ https://t.co/kCNuwdI5Sc,Sat Mar 31 07:18:04 +0000 2018,-0.296,0.0,0.155,0.845,79
179,CBSNews,Walmart's appeal is gaining among Democrats https://t.co/3qFdbQETpQ https://t.co/S87arXgAbf,Sat Mar 31 07:03:03 +0000 2018,0.4215,0.286,0.0,0.714,80
180,CBSNews,"Lindsay Lohan loses ""Grand Theft Auto V"" lawsuit https://t.co/yXsbYXyjmQ https://t.co/fOXllilzQS",Sat Mar 31 06:48:03 +0000 2018,-0.0516,0.211,0.296,0.493,81
181,CBSNews,EPA poised to roll back car pollution rules https://t.co/pbe3gJpQHA https://t.co/mGbWed2luP,Sat Mar 31 06:33:04 +0000 2018,0.25,0.182,0.0,0.818,82
182,CBSNews,Body found near highway identified as missing Marine recruit https://t.co/zKy2dO892b https://t.co/xSfoTMZR5x,Sat Mar 31 06:18:04 +0000 2018,-0.296,0.0,0.18,0.82,83
183,CBSNews,"Office responsible for vetting Trump appointees plagued by personnel problems, report says https://t.co/hvlik6acz0 https://t.co/x6fKEgI5pv",Sat Mar 31 06:03:04 +0000 2018,-0.1027,0.135,0.159,0.706,84
184,CBSNews,Two ISIS fighters from cell known for beheading hostages break their silence https://t.co/Sobj55rums https://t.co/ZLEw7hiXlL,Sat Mar 31 05:48:04 +0000 2018,-0.0516,0.0,0.085,0.915,85
185,CBSNews,Delta landing gear catches fire shortly after landing in Atlanta https://t.co/3HwOuFXOt9 https://t.co/OZHLp07Csa,Sat Mar 31 05:33:04 +0000 2018,-0.34,0.0,0.179,0.821,86
186,CBSNews,"Grace VanderWaal: The 14-year-old pop star with an ""old soul"" sound https://t.co/3FWueaxVzd https://t.co/UwosfPbfb7",Sat Mar 31 05:18:04 +0000 2018,0.4215,0.189,0.0,0.811,87
187,CBSNews,Who is invited to the royal wedding? Guest list details emerge https://t.co/4MeL29617Y https://t.co/za3Blh1WPL,Sat Mar 31 05:03:04 +0000 2018,0.0,0.0,0.0,1.0,88
188,CBSNews,Concern over Russian ships lurking around vital undersea cables https://t.co/NxDA4il9l1 https://t.co/lYc8wC5dzc,Sat Mar 31 04:48:04 +0000 2018,0.1779,0.173,0.118,0.709,89
189,CBSNews,Nortre Dame defeats UConn with buzzer shot with 1 second left in OT https://t.co/l132yyFAkC https://t.co/tWd7KstzNc,Sat Mar 31 04:42:05 +0000 2018,-0.3182,0.0,0.15,0.85,90
190,CBSNews,"After bodies found in mine, man arrested in teens' deaths https://t.co/hTIMmRReII https://t.co/Fb20Bl7dP5",Sat Mar 31 04:33:05 +0000 2018,-0.4767,0.0,0.22,0.78,91
191,CBSNews,Blizzard-like conditions expected in spring storm slamming northern Plains https://t.co/2SXXcykbJv,Sat Mar 31 04:24:05 +0000 2018,0.0,0.0,0.0,1.0,92
192,CBSNews,Noor Salman verdict: Pulse nightclub gunman's widow not guilty https://t.co/BvttDeNfS6 https://t.co/b6ZUsZ3kBp,Sat Mar 31 04:18:04 +0000 2018,0.4464,0.304,0.0,0.696,93
193,CBSNews,"""Holy grail of shipwrecks"": Centuries-old sailing ship found on Florida beach https://t.co/0UFY58eisE https://t.co/JMF8x4Qacg",Sat Mar 31 04:03:04 +0000 2018,0.0,0.0,0.0,1.0,94
194,CBSNews,San Francisco police release video of deadly barber shop shooting https://t.co/G1Zyz2PJjB https://t.co/sGOnPAlM08,Sat Mar 31 03:48:04 +0000 2018,0.0,0.0,0.0,1.0,95
195,CBSNews,Youth from famed photo believed among dead as SUV flies off cliff https://t.co/fqbIMzV2zL https://t.co/7LodeTprnW,Sat Mar 31 03:33:04 +0000 2018,-0.6486,0.0,0.249,0.751,96
196,CBSNews,Widespread teacher absences close Kentucky schools amid anger over pension bill https://t.co/to12qSnaiZ https://t.co/76JKN2TwvI,Sat Mar 31 03:18:04 +0000 2018,-0.5719,0.0,0.236,0.764,97
197,CBSNews,"Mega Millions winning numbers for Friday, March 30 https://t.co/m9iokK8CFi https://t.co/hqlPPeMqDi",Sat Mar 31 03:10:05 +0000 2018,0.5267,0.274,0.0,0.726,98
198,CBSNews,"""She's a monster,"" say parents of boy allegedly molested by teacher Brittany Zamora https://t.co/OcAmEtykUB https://t.co/nGIvOG7UlU",Sat Mar 31 03:03:04 +0000 2018,-0.4404,0.0,0.182,0.818,99
199,CBSNews,Schlitterbahn water park indictments highlight lax state rules that cover amusement parks https://t.co/lVXiXfw2Lj https://t.co/8s7tZa9jGm,Sat Mar 31 02:30:01 +0000 2018,0.5994,0.29,0.0,0.71,100
200,CNN,Why the universe shouldn't exist at all https://t.co/Cenhd5zSts | via @CNNOpinion https://t.co/5c1Tcrd06x,Sat Mar 31 23:00:12 +0000 2018,0.0,0.0,0.0,1.0,1
201,CNN,Everything you need to know about SpaceX's latest launch and recovery attempt https://t.co/JmrlAmcyeT https://t.co/GWIOw6w5D0,Sat Mar 31 22:45:03 +0000 2018,0.0,0.0,0.0,1.0,2
202,CNN,The former head of the Justice Department's death penalty unit has been demoted after being accused of sexism and f‚Ä¶ https://t.co/V60xFVK3HC,Sat Mar 31 22:30:11 +0000 2018,-0.6908,0.115,0.308,0.576,3
203,CNN,"""I've never been more angry and disgusted at this situation than I am now."" Basketball great Charles Barkley slams‚Ä¶ https://t.co/8CWbRV85uN",Sat Mar 31 22:00:02 +0000 2018,0.5196,0.263,0.137,0.6,4
204,CNN,"In Oklahoma, educators often work about 10 years before reaching the $40,000 salary mark. Low salaries are promptin‚Ä¶ https://t.co/blyKoWcnbg",Sat Mar 31 21:45:00 +0000 2018,-0.0772,0.086,0.1,0.813,5
205,CNN,"""I pray that he'll be a good president, and that he'll keep our country at peace, and that he'll refrain from using‚Ä¶ https://t.co/CDnWWrcbJU",Sat Mar 31 21:34:34 +0000 2018,0.8271,0.314,0.0,0.686,6
206,CNN,"Craig Troxell is a full-time high school science teacher in Oklahoma, but he works 4 jobs to make ends meet. Troxel‚Ä¶ https://t.co/89NUBsqcrv",Sat Mar 31 21:16:09 +0000 2018,0.0,0.0,0.0,1.0,7
207,CNN,Bill Cosby is on trial again. But a lot has changed since his mistrial last year. https://t.co/ER3eOBfG1Q https://t.co/YilFD9sx4Z,Sat Mar 31 21:00:19 +0000 2018,0.0,0.0,0.0,1.0,8
208,CNN,"Years of war have not pushed these women to leave Beirut, but their search to find real love might. Find out why on‚Ä¶ https://t.co/NtK7VNAkHf",Sat Mar 31 20:45:19 +0000 2018,0.6428,0.191,0.117,0.692,9
209,CNN,Vermont lawmakers approve gun control measures https://t.co/H3NvRWMxAA https://t.co/eaQZKN9zrO,Sat Mar 31 20:30:06 +0000 2018,-0.34,0.0,0.255,0.745,10
210,CNN,Laura Ingraham will take week-long break from her Fox News show amid a controversy in which more than a dozen adver‚Ä¶ https://t.co/hwAgbGqWiJ,Sat Mar 31 20:15:08 +0000 2018,0.0,0.0,0.0,1.0,11
211,CNN,"Craig Troxell is a full-time high school science teacher in Oklahoma, but he works 4 jobs to make ends meet. Troxel‚Ä¶ https://t.co/NMeGTznod9",Sat Mar 31 20:00:01 +0000 2018,0.0,0.0,0.0,1.0,12
212,CNN,Here's what you missed during a busy news week https://t.co/Sc3ccD8ONO https://t.co/bQUT7p1HzF,Sat Mar 31 19:45:06 +0000 2018,-0.296,0.0,0.196,0.804,13
213,CNN,"Roseanne tweets support of Trump conspiracy theory, confuses Twitter https://t.co/v5ivDTDHMJ https://t.co/bLWTCrTxcQ",Sat Mar 31 19:30:14 +0000 2018,-0.4588,0.165,0.348,0.488,14
214,CNN,"In Oklahoma, educators often work about 10 years before reaching the $40,000 salary mark. Low salaries are promptin‚Ä¶ https://t.co/CKbep2DfJO",Sat Mar 31 19:15:00 +0000 2018,-0.0772,0.086,0.1,0.813,15
215,CNN,"US, UK soldiers killed in Syria blast identified https://t.co/Fi67dSu2F3 https://t.co/y9W0vis5Ti",Sat Mar 31 19:00:07 +0000 2018,-0.6705,0.0,0.333,0.667,16
216,CNN,"""I've never been more angry and disgusted at this situation than I am now."" Basketball great Charles Barkley slams‚Ä¶ https://t.co/IaeKAJvCP5",Sat Mar 31 18:45:00 +0000 2018,0.5196,0.263,0.137,0.6,17
217,CNN,Former President Jimmy Carter dings Trump and says he prays for him https://t.co/0fq7bdEulf https://t.co/LPEIh1rhsc,Sat Mar 31 18:30:11 +0000 2018,0.34,0.156,0.0,0.844,18
218,CNN,Tesla Model X was in autopilot before fatal crash https://t.co/sZwvEoTSuk https://t.co/2wxwSYZgWA,Sat Mar 31 18:15:07 +0000 2018,-0.7351,0.0,0.437,0.563,19
219,CNN,President Trump puts hold on more than $200 million in Syria recovery funds https://t.co/2TOkMbom7w https://t.co/DTjSSz8WpL,Sat Mar 31 18:00:14 +0000 2018,0.0,0.0,0.0,1.0,20
220,CNN,Why the universe shouldn't exist at all https://t.co/Cenhd5zSts | via @CNNOpinion https://t.co/5c1Tcrd06x,Sat Mar 31 23:00:12 +0000 2018,0.0,0.0,0.0,1.0,21
221,CNN,Everything you need to know about SpaceX's latest launch and recovery attempt https://t.co/JmrlAmcyeT https://t.co/GWIOw6w5D0,Sat Mar 31 22:45:03 +0000 2018,0.0,0.0,0.0,1.0,22
222,CNN,The former head of the Justice Department's death penalty unit has been demoted after being accused of sexism and f‚Ä¶ https://t.co/V60xFVK3HC,Sat Mar 31 22:30:11 +0000 2018,-0.6908,0.115,0.308,0.576,23
223,CNN,"""I've never been more angry and disgusted at this situation than I am now."" Basketball great Charles Barkley slams‚Ä¶ https://t.co/8CWbRV85uN",Sat Mar 31 22:00:02 +0000 2018,0.5196,0.263,0.137,0.6,24
224,CNN,"In Oklahoma, educators often work about 10 years before reaching the $40,000 salary mark. Low salaries are promptin‚Ä¶ https://t.co/blyKoWcnbg",Sat Mar 31 21:45:00 +0000 2018,-0.0772,0.086,0.1,0.813,25
225,CNN,"""I pray that he'll be a good president, and that he'll keep our country at peace, and that he'll refrain from using‚Ä¶ https://t.co/CDnWWrcbJU",Sat Mar 31 21:34:34 +0000 2018,0.8271,0.314,0.0,0.686,26
226,CNN,"Craig Troxell is a full-time high school science teacher in Oklahoma, but he works 4 jobs to make ends meet. Troxel‚Ä¶ https://t.co/89NUBsqcrv",Sat Mar 31 21:16:09 +0000 2018,0.0,0.0,0.0,1.0,27
227,CNN,Bill Cosby is on trial again. But a lot has changed since his mistrial last year. https://t.co/ER3eOBfG1Q https://t.co/YilFD9sx4Z,Sat Mar 31 21:00:19 +0000 2018,0.0,0.0,0.0,1.0,28
228,CNN,"Years of war have not pushed these women to leave Beirut, but their search to find real love might. Find out why on‚Ä¶ https://t.co/NtK7VNAkHf",Sat Mar 31 20:45:19 +0000 2018,0.6428,0.191,0.117,0.692,29
229,CNN,Vermont lawmakers approve gun control measures https://t.co/H3NvRWMxAA https://t.co/eaQZKN9zrO,Sat Mar 31 20:30:06 +0000 2018,-0.34,0.0,0.255,0.745,30
230,CNN,Laura Ingraham will take week-long break from her Fox News show amid a controversy in which more than a dozen adver‚Ä¶ https://t.co/hwAgbGqWiJ,Sat Mar 31 20:15:08 +0000 2018,0.0,0.0,0.0,1.0,31
231,CNN,"Craig Troxell is a full-time high school science teacher in Oklahoma, but he works 4 jobs to make ends meet. Troxel‚Ä¶ https://t.co/NMeGTznod9",Sat Mar 31 20:00:01 +0000 2018,0.0,0.0,0.0,1.0,32
232,CNN,Here's what you missed during a busy news week https://t.co/Sc3ccD8ONO https://t.co/bQUT7p1HzF,Sat Mar 31 19:45:06 +0000 2018,-0.296,0.0,0.196,0.804,33
233,CNN,"Roseanne tweets support of Trump conspiracy theory, confuses Twitter https://t.co/v5ivDTDHMJ https://t.co/bLWTCrTxcQ",Sat Mar 31 19:30:14 +0000 2018,-0.4588,0.165,0.348,0.488,34
234,CNN,"In Oklahoma, educators often work about 10 years before reaching the $40,000 salary mark. Low salaries are promptin‚Ä¶ https://t.co/CKbep2DfJO",Sat Mar 31 19:15:00 +0000 2018,-0.0772,0.086,0.1,0.813,35
235,CNN,"US, UK soldiers killed in Syria blast identified https://t.co/Fi67dSu2F3 https://t.co/y9W0vis5Ti",Sat Mar 31 19:00:07 +0000 2018,-0.6705,0.0,0.333,0.667,36
236,CNN,"""I've never been more angry and disgusted at this situation than I am now."" Basketball great Charles Barkley slams‚Ä¶ https://t.co/IaeKAJvCP5",Sat Mar 31 18:45:00 +0000 2018,0.5196,0.263,0.137,0.6,37
237,CNN,Former President Jimmy Carter dings Trump and says he prays for him https://t.co/0fq7bdEulf https://t.co/LPEIh1rhsc,Sat Mar 31 18:30:11 +0000 2018,0.34,0.156,0.0,0.844,38
238,CNN,Tesla Model X was in autopilot before fatal crash https://t.co/sZwvEoTSuk https://t.co/2wxwSYZgWA,Sat Mar 31 18:15:07 +0000 2018,-0.7351,0.0,0.437,0.563,39
239,CNN,President Trump puts hold on more than $200 million in Syria recovery funds https://t.co/2TOkMbom7w https://t.co/DTjSSz8WpL,Sat Mar 31 18:00:14 +0000 2018,0.0,0.0,0.0,1.0,40
240,CNN,"President Trump continues attacks on Amazon, Washington Post https://t.co/LH7B7pZ70V https://t.co/R6RDyFiGtc",Sat Mar 31 17:30:11 +0000 2018,-0.296,0.135,0.23,0.635,41
241,CNN,FBI Deputy Director Andrew McCabe's legal defense fund exceeds fundraising goal in about a day‚Ä¶ https://t.co/TQmAi4HdbD,Sat Mar 31 17:15:08 +0000 2018,0.25,0.188,0.0,0.812,42
242,CNN,President Trump lashes out after California Gov. Jerry Brown pardons 5 immigrants under threat of deportation‚Ä¶ https://t.co/6z8bIKTfZo,Sat Mar 31 17:00:16 +0000 2018,-0.296,0.112,0.173,0.714,43
243,CNN,Who stands to gain if President Trump pulls the US out of Syria? https://t.co/mXWk3v4NnI https://t.co/OFZaPewNXz,Sat Mar 31 16:45:08 +0000 2018,0.5267,0.195,0.0,0.805,44
244,CNN,"While Larry Nassar was sexually abusing gymnasts at Twistars Gymnastics in Michigan, famed Olympic coach John Gedde‚Ä¶ https://t.co/9CgYOgma26",Sat Mar 31 16:31:49 +0000 2018,-0.4588,0.0,0.15,0.85,45
245,CNN,The now former United Nations undersecretary-general for political affairs warns that many of the leaders of UN mem‚Ä¶ https://t.co/91ZJtxfsmh,Sat Mar 31 16:15:04 +0000 2018,0.34,0.132,0.066,0.802,46
246,CNN,How five videos captured the fatal shooting of Alton Sterling https://t.co/7cgTivOcC2 https://t.co/1L7beRBree,Sat Mar 31 16:00:19 +0000 2018,-0.5423,0.0,0.241,0.759,47
247,CNN,"""Clueless"" star and former Fox News commentator Stacey Dash is withdrawing her congressional bid. The actress and o‚Ä¶ https://t.co/UOyZa2qvtf",Sat Mar 31 15:46:54 +0000 2018,0.0,0.0,0.0,1.0,48
248,CNN,Body camera shows officer threatened to shoot Alton Sterling within seconds https://t.co/g0tu4eBFor https://t.co/5hdQQ0rvOX,Sat Mar 31 15:30:15 +0000 2018,-0.6597,0.0,0.329,0.671,49
249,CNN,"It took Baton Rouge police Officer Salamoni Blane less than 90 seconds to shoot Alton Sterling, but police took nea‚Ä¶ https://t.co/O4m1DNVgLC",Sat Mar 31 15:14:07 +0000 2018,-0.1779,0.0,0.078,0.922,50
250,CNN,UK told to pull more diplomatic staff from Russia https://t.co/MEmRVCZlnD https://t.co/pChK7Vt4td,Sat Mar 31 15:00:07 +0000 2018,0.0,0.0,0.0,1.0,51
251,CNN,Malala Yousafzai returns to hometown in Pakistan https://t.co/HNwLQvhO8Q https://t.co/5LxTbSobJh,Sat Mar 31 14:45:09 +0000 2018,0.0,0.0,0.0,1.0,52
252,CNN,The UN calls for an inquiry after Gaza's most violent day in 4 years https://t.co/tp4asuFMrj https://t.co/90uWE3qBUv,Sat Mar 31 14:30:13 +0000 2018,-0.6361,0.0,0.23,0.77,53
253,CNN,"Dr. Bennet Omalu, a pioneering pathologist credited with discovering CTE, spoke Friday about the findings of his th‚Ä¶ https://t.co/MIqPiRqDbM",Sat Mar 31 14:01:06 +0000 2018,0.3612,0.128,0.0,0.872,54
254,CNN,Do you dream of escaping to the country and running your own bookstore? There's an Airbnb for that‚Ä¶ https://t.co/zZBoaLyoHr,Sat Mar 31 13:31:03 +0000 2018,0.296,0.158,0.0,0.842,55
255,CNN,"About 2.5% of people who went to the doctor in the week ending March 24 had flu-like symptoms, the CDC says https://t.co/0QDB4nkM4I",Sat Mar 31 13:01:05 +0000 2018,0.0,0.0,0.0,1.0,56
256,CNN,"""We're just scared of the water..."" Welcome to Martin County, Kentucky, where the tap water smells like diesel fuel‚Ä¶ https://t.co/NKqMu29Feb",Sat Mar 31 12:31:03 +0000 2018,0.3818,0.217,0.114,0.669,57
257,CNN,Ethan Sonneborn is 13 and he's running to be the next governor of Vermont https://t.co/650JWWGetD https://t.co/aaBGheaDrO,Sat Mar 31 12:01:02 +0000 2018,0.0,0.0,0.0,1.0,58
258,CNN,"Here's how Michael Brown celebrated his acceptance to Stanford. The 17-year-old from Houston, Texas, applied to 20‚Ä¶ https://t.co/3cDsmQDGkc",Sat Mar 31 11:31:00 +0000 2018,0.7717,0.295,0.0,0.705,59
259,CNN,The Utah Jazz's home arena has a sensory-inclusive space for fans with autism spectrum disorder and other intellect‚Ä¶ https://t.co/75nNGt4jZl,Sat Mar 31 11:01:03 +0000 2018,-0.4019,0.0,0.137,0.863,60
260,CNN,"President Trump designates April as ""Second Chance Month"" for people with criminal records https://t.co/G3fkyyrVkq https://t.co/oU4lP9Wbfc",Sat Mar 31 10:31:03 +0000 2018,-0.34,0.109,0.185,0.707,61
261,CNN,"Here are some of iOS 11.3's features you should know about:
- You can turn off the controversial iPhone-slowing fea‚Ä¶ https://t.co/P1qioImBTL",Sat Mar 31 10:01:04 +0000 2018,-0.2023,0.0,0.087,0.913,62
262,CNN,The simple act of getting a haircut can end up being an assault on the senses for some. This barber soothed a child‚Ä¶ https://t.co/2S6n5I0J1R,Sat Mar 31 09:31:03 +0000 2018,-0.5106,0.059,0.15,0.791,63
263,CNN,Will the spate of lawsuits against fringe media stop the flow of conspiracy theories? https://t.co/YXJPGIHq1O https://t.co/a8mp6v54ER,Sat Mar 31 09:01:07 +0000 2018,-0.7351,0.0,0.356,0.644,64
264,CNN,Jim Carrey has been trolling Trump and the GOP with paintings. Here are the top 11 https://t.co/oqAZCMfRq7 https://t.co/PRdrQwQXeL,Sat Mar 31 08:31:04 +0000 2018,0.2023,0.096,0.0,0.904,65
265,CNN,A company donated $29 million in cryptocurrency to cover every single teacher request on a crowdfunding site https://t.co/dV0cPv6Ego,Sat Mar 31 08:01:02 +0000 2018,0.0,0.0,0.0,1.0,66
266,CNN,President Donald Trump has issued a proclamation designating April as National Sexual Assault Awareness month‚Ä¶ https://t.co/PiJbQyct7Z,Sat Mar 31 07:31:04 +0000 2018,-0.5859,0.0,0.213,0.787,67
267,CNN,"If you stand inside the world's quietest room for long enough, you start to hear your heartbeat. Then you lose your‚Ä¶ https://t.co/Kk3gi0xins",Sat Mar 31 07:01:02 +0000 2018,-0.4019,0.0,0.114,0.886,68
268,CNN,JFK had a legendary love life. Did one of his affairs connect him with the mob? #TheKennedys Sunday at 9p on CNN. https://t.co/qoGELhh4m1,Sat Mar 31 06:45:18 +0000 2018,0.6369,0.167,0.0,0.833,69
269,CNN,Exclusive: On board the 'Doomsday' plane that can wage nuclear war https://t.co/fmev2gMTFU https://t.co/1krpyJOuSU,Sat Mar 31 06:31:05 +0000 2018,-0.5267,0.091,0.238,0.671,70
270,CNN,A rare look inside North Korean leader Kim Jong Un's armored train https://t.co/3jJ0Z6Em3X https://t.co/hzfxZShM9N,Sat Mar 31 06:01:37 +0000 2018,0.0,0.0,0.0,1.0,71
271,CNN,The best travel photos of 2018 (so far) https://t.co/f7oG0f6gNu https://t.co/NwnB53lDWW,Sat Mar 31 05:46:07 +0000 2018,0.6369,0.318,0.0,0.682,72
272,CNN,This 17-year-old applied to 20 of the best universities in the US and was admitted to every single one with a full‚Ä¶ https://t.co/8n7sRF58Qc,Sat Mar 31 05:31:04 +0000 2018,0.6808,0.219,0.0,0.781,73
273,CNN,He‚Äôs an algebra teacher in Oklahoma. And a bus driver. And a Little League umpire. And he drives for Uber and Lyft.‚Ä¶ https://t.co/skk1lgAN0W,Sat Mar 31 05:16:00 +0000 2018,0.0,0.0,0.0,1.0,74
274,CNN,"""We're just scared of the water..."" Welcome to Martin County, Kentucky, where the tap water smells like diesel fuel‚Ä¶ https://t.co/kHUdQ6ZEhr",Sat Mar 31 05:01:04 +0000 2018,0.3818,0.217,0.114,0.669,75
275,CNN,Apple is proposing 13 new emojis in an effort to better represent people with disabilities https://t.co/ByWMuyNNrU https://t.co/2HETOC1giC,Sat Mar 31 04:31:05 +0000 2018,0.4404,0.153,0.0,0.847,76
276,CNN,"Former President Barack Obama says he aspires to create ""a million young Barack Obamas or Michelle Obamas"" who will‚Ä¶ https://t.co/PDc0nZA1n5",Sat Mar 31 04:16:00 +0000 2018,0.2732,0.1,0.0,0.9,77
277,CNN,"Would you ride in this ""Roseanne"" car? A New York City subway train car was transformed to resemble Roseanne's livi‚Ä¶ https://t.co/jn8FRusjFB",Sat Mar 31 04:16:00 +0000 2018,0.0,0.0,0.0,1.0,78
278,CNN,"This curious cheetah hopped into a car on a safari trip. Thankfully, everyone remained calm, and no one was hurt‚Ä¶ https://t.co/q0l42J3hzo",Sat Mar 31 04:02:20 +0000 2018,0.6369,0.301,0.089,0.61,79
279,CNN,"From revolution to reform, how did the Vatican respond to the splintering of a once universal Catholic church?‚Ä¶ https://t.co/tYpjnWu1vS",Sat Mar 31 03:45:16 +0000 2018,0.0,0.0,0.0,1.0,80
280,CNN,"Dr. Bennet Omalu, a pioneering pathologist credited with discovering CTE, spoke Friday about the findings of his th‚Ä¶ https://t.co/MYDJGw3Wvv",Sat Mar 31 03:31:01 +0000 2018,0.3612,0.128,0.0,0.872,81
281,CNN,Ethan Sonneborn is 13 and he's running to be the next governor of Vermont https://t.co/aNi6zLG7st https://t.co/S5nfZMvWap,Sat Mar 31 03:16:02 +0000 2018,0.0,0.0,0.0,1.0,82
282,CNN,The White House office that vets appointees is inexperienced and understaffed -- and aides played a drinking game i‚Ä¶ https://t.co/Kk1Vx3KkaL,Sat Mar 31 03:06:02 +0000 2018,0.34,0.118,0.0,0.882,83
283,CNN,"To critics who say she should ""go away"" after losing to Trump, Hillary Clinton says, ""they never said that to any m‚Ä¶ https://t.co/C4BluiJ1DU",Sat Mar 31 03:01:02 +0000 2018,-0.5859,0.0,0.186,0.814,84
284,CNN,RT @CNNTonight: Rep. Ted Lieu says US Attorney General Jeff Sessions made the right call in appointing a prosecutor to investigate claims o‚Ä¶,Sat Mar 31 02:58:30 +0000 2018,0.0,0.0,0.0,1.0,85
285,CNN,An official with the US Immigration and Customs Enforcement office in San Francisco apologized for posting an image‚Ä¶ https://t.co/kjCGRIXtEJ,Sat Mar 31 02:46:06 +0000 2018,0.3182,0.113,0.0,0.887,86
286,CNN,Mississippi State is heading to the NCAA women's national championship game after beating Louisville 73-63 in overt‚Ä¶ https://t.co/6AjYA3iWuq,Sat Mar 31 02:31:09 +0000 2018,-0.0258,0.132,0.137,0.731,87
287,CNN,Is India distancing itself from the Tibetan exile community six decades after the Dalai Lama fled to the country?‚Ä¶ https://t.co/ZMPZV96hPG,Sat Mar 31 02:24:33 +0000 2018,0.0,0.0,0.0,1.0,88
288,CNN,Google's Clips camera automates aspects of the picture-taking process. But can it replace photographers with an alg‚Ä¶ https://t.co/mU5I2iTH6G,Sat Mar 31 02:13:36 +0000 2018,0.0,0.0,0.0,1.0,89
289,CNN,"""When the fire alarm went off in my gym the other morning, barely anyone paid attention. ... Many of us are equally‚Ä¶ https://t.co/RR9qfL7SoF",Sat Mar 31 02:03:28 +0000 2018,-0.5859,0.0,0.186,0.814,90
290,CNN,"""What is odd and unprecedented is to have your daughter, your son-in-law, your pilot, your physician - you can go d‚Ä¶ https://t.co/pvsnU5lzf4",Sat Mar 31 01:53:43 +0000 2018,-0.3182,0.0,0.103,0.897,91
291,CNN,"""Holy hazelnut mocha! California may now be placing a warning label on coffee,"" writes David Wheeler via @CNNOpinion https://t.co/8NtGC9w49U",Sat Mar 31 01:53:17 +0000 2018,-0.4003,0.0,0.137,0.863,92
292,CNN,"RT @OutFrontCNN: ""His misuse of taxpayer dollars over and over again is really what's concerning...I think he should resign. If he doesn't‚Ä¶",Sat Mar 31 01:52:26 +0000 2018,-0.34,0.0,0.103,0.897,93
293,CNN,Dennis Rodman weighs in on the prospect of a meeting between US President Donald Trump and North Korean leader Kim‚Ä¶ https://t.co/lZuOx6IGW1,Sat Mar 31 01:48:59 +0000 2018,0.296,0.104,0.0,0.896,94
294,CNN,"RT @AC360: ""He simply is not qualified to take on one of the most complicated health care management jobs in the world."" - Norman Eisen on‚Ä¶",Sat Mar 31 01:43:14 +0000 2018,0.5367,0.126,0.0,0.874,95
295,CNN,"President Trump likes ""Roseanne?"" Of course he does | By Dean Obeidallah via @CNNOpinion https://t.co/kctMHQG3a9 https://t.co/1ik8vALq8E",Sat Mar 31 01:42:53 +0000 2018,0.4215,0.167,0.0,0.833,96
296,CNN,"""Our fight can be any woman's fight."" Brazilian sports journalists may be having their #MeToo moment https://t.co/cQGYzfkVeU",Sat Mar 31 01:38:05 +0000 2018,-0.3818,0.0,0.14,0.86,97
297,CNN,A federal judge has ruled against the Trump administration -- for now -- in a case brought by lawyers for pregnant‚Ä¶ https://t.co/CM7Uav1f6b,Sat Mar 31 01:27:52 +0000 2018,0.0,0.0,0.0,1.0,98
298,CNN,"Michael Brown celebrates his acceptance to Stanford. The 17-year-old from Houston, Texas, applied to 20 of the best‚Ä¶ https://t.co/mEQLTx8ozD",Sat Mar 31 01:12:38 +0000 2018,0.7717,0.283,0.0,0.717,99
299,CNN,Former Obama administration Attorney General Eric Holder said he will make a decision on running for president in 2‚Ä¶ https://t.co/fBlctwq6NT,Sat Mar 31 01:06:33 +0000 2018,0.0,0.0,0.0,1.0,100
300,FoxNews,UK's left-wing Labour Party engulfed by anti-Semitism crisis https://t.co/8rT0vzqFpr,Sat Mar 31 22:59:21 +0000 2018,-0.34,0.196,0.297,0.507,1
301,FoxNews,".@THEHermanCain: ""Fix the Post Office. Fix the postal system. It has been losing money for decades and they won't f‚Ä¶ https://t.co/bIS5Ra6I0F",Sat Mar 31 22:51:00 +0000 2018,-0.3818,0.0,0.115,0.885,2
302,FoxNews,"On @foxandfriends, @RealCandaceO called @HillaryClinton's recent comments ""remarkably tone-deaf.""‚Ä¶ https://t.co/rDUH4srnFc",Sat Mar 31 22:42:50 +0000 2018,0.0,0.0,0.0,1.0,3
303,FoxNews,RT @FoxBusiness: 'Angry Birds' maker Rovio cuts boardroom pay after profit warning  https://t.co/GvpVT1S6l0,Sat Mar 31 22:42:20 +0000 2018,-0.6597,0.144,0.46,0.396,4
304,FoxNews,RT @FoxBusiness: .@aimmune therapeutics reports positive results in peanut allergy study. https://t.co/yOd0riLwqW,Sat Mar 31 22:42:18 +0000 2018,0.5574,0.247,0.0,0.753,5
305,FoxNews,.@kimguilfoyle on @HillaryClinton's Election Complaints: 'Nobody Likes a Sore Loser' https://t.co/TPed7rXo7Z,Sat Mar 31 22:37:48 +0000 2018,-0.7003,0.161,0.494,0.345,6
306,FoxNews,The @DeptofDefense has released the identity of an American soldier killed in Syria on Friday. Master Sgt. Johnatha‚Ä¶ https://t.co/X6DqXih2S0,Sat Mar 31 22:28:28 +0000 2018,-0.6705,0.0,0.2,0.8,7
307,FoxNews,'Palm Sunday Massacre' gunman who killed 10 people in 1984 discreetly released from prison https://t.co/scZlYODzSF,Sat Mar 31 22:21:33 +0000 2018,-0.8316,0.0,0.375,0.625,8
308,FoxNews,Students at Florida high school stage walkout in support of Second Amendment https://t.co/u8qoYHEqlW,Sat Mar 31 22:00:00 +0000 2018,0.1027,0.169,0.144,0.688,9
309,FoxNews,‚ÄòRoseanne‚Äô reboot could upend left-wing dogma in Hollywood - via @FoxBusiness https://t.co/J1pxrwH3Rc,Sat Mar 31 21:49:57 +0000 2018,0.0,0.0,0.0,1.0,10
310,FoxNews,Judge bars US from 'obstructing' illegal minors' access to abortions while ACLU suit plays out https://t.co/k6ROsxYKPr,Sat Mar 31 21:42:52 +0000 2018,-0.3818,0.102,0.184,0.714,11
311,FoxNews,".@RobertJohnDavi: ""@therealroseanne always had an every-man appeal, every-woman appeal...A certain essence that she‚Ä¶ https://t.co/REJt0Oyorf",Sat Mar 31 21:23:16 +0000 2018,0.2732,0.139,0.0,0.861,12
312,FoxNews,"RT @FoxBusiness: Trump tariffs will keep China from ‚Äòscrewing‚Äô American workers, Kellyanne Conway says https://t.co/U8iZDV4gxl",Sat Mar 31 21:20:03 +0000 2018,0.0,0.0,0.0,1.0,13
313,FoxNews,RT @FoxBusiness: .@WaltDisneyWorld announces free dining for kids this summer https://t.co/CXTMd4GG0j https://t.co/5PCtTMLMKO,Sat Mar 31 21:20:00 +0000 2018,0.5106,0.231,0.0,0.769,14
314,FoxNews,".@RepGaramendi: ""I don't know what Jerry Brown had in mind."" https://t.co/WE6H3N8bxC https://t.co/tPmD5nHqmb",Sat Mar 31 21:18:40 +0000 2018,0.0,0.0,0.0,1.0,15
315,FoxNews,Kim Kardashian shares Caitlyn Jenner throwback picture before her transition https://t.co/zq9igN3N4k,Sat Mar 31 21:16:36 +0000 2018,0.296,0.18,0.0,0.82,16
316,FoxNews,"Consulate employees remove the U.S flag at the U.S. consulate in St. Petersburg, Russia. https://t.co/XP9mYWeylu",Sat Mar 31 21:04:54 +0000 2018,0.0,0.0,0.0,1.0,17
317,FoxNews,New Connecticut veterans memorial misspells president's name https://t.co/ze7cwdQMUw,Sat Mar 31 21:00:00 +0000 2018,0.0,0.0,0.0,1.0,18
318,FoxNews,EPA chief Scott Pruitt's rental of condo from energy lobbyist's wife under scrutiny https://t.co/MhPJAl5MrM,Sat Mar 31 20:58:39 +0000 2018,0.2732,0.139,0.0,0.861,19
319,FoxNews,'Are You Going to Answer the Question?': @TuckerCarlson Battles Assault Weapons Ban Advocate https://t.co/ZdzPJPIEft,Sat Mar 31 20:52:30 +0000 2018,-0.9169,0.0,0.563,0.437,20
320,FoxNews,UK's left-wing Labour Party engulfed by anti-Semitism crisis https://t.co/8rT0vzqFpr,Sat Mar 31 22:59:21 +0000 2018,-0.34,0.196,0.297,0.507,21
321,FoxNews,".@THEHermanCain: ""Fix the Post Office. Fix the postal system. It has been losing money for decades and they won't f‚Ä¶ https://t.co/bIS5Ra6I0F",Sat Mar 31 22:51:00 +0000 2018,-0.3818,0.0,0.115,0.885,22
322,FoxNews,"On @foxandfriends, @RealCandaceO called @HillaryClinton's recent comments ""remarkably tone-deaf.""‚Ä¶ https://t.co/rDUH4srnFc",Sat Mar 31 22:42:50 +0000 2018,0.0,0.0,0.0,1.0,23
323,FoxNews,RT @FoxBusiness: 'Angry Birds' maker Rovio cuts boardroom pay after profit warning  https://t.co/GvpVT1S6l0,Sat Mar 31 22:42:20 +0000 2018,-0.6597,0.144,0.46,0.396,24
324,FoxNews,RT @FoxBusiness: .@aimmune therapeutics reports positive results in peanut allergy study. https://t.co/yOd0riLwqW,Sat Mar 31 22:42:18 +0000 2018,0.5574,0.247,0.0,0.753,25
325,FoxNews,.@kimguilfoyle on @HillaryClinton's Election Complaints: 'Nobody Likes a Sore Loser' https://t.co/TPed7rXo7Z,Sat Mar 31 22:37:48 +0000 2018,-0.7003,0.161,0.494,0.345,26
326,FoxNews,The @DeptofDefense has released the identity of an American soldier killed in Syria on Friday. Master Sgt. Johnatha‚Ä¶ https://t.co/X6DqXih2S0,Sat Mar 31 22:28:28 +0000 2018,-0.6705,0.0,0.2,0.8,27
327,FoxNews,'Palm Sunday Massacre' gunman who killed 10 people in 1984 discreetly released from prison https://t.co/scZlYODzSF,Sat Mar 31 22:21:33 +0000 2018,-0.8316,0.0,0.375,0.625,28
328,FoxNews,Students at Florida high school stage walkout in support of Second Amendment https://t.co/u8qoYHEqlW,Sat Mar 31 22:00:00 +0000 2018,0.1027,0.169,0.144,0.688,29
329,FoxNews,‚ÄòRoseanne‚Äô reboot could upend left-wing dogma in Hollywood - via @FoxBusiness https://t.co/J1pxrwH3Rc,Sat Mar 31 21:49:57 +0000 2018,0.0,0.0,0.0,1.0,30
330,FoxNews,Judge bars US from 'obstructing' illegal minors' access to abortions while ACLU suit plays out https://t.co/k6ROsxYKPr,Sat Mar 31 21:42:52 +0000 2018,-0.3818,0.102,0.184,0.714,31
331,FoxNews,".@RobertJohnDavi: ""@therealroseanne always had an every-man appeal, every-woman appeal...A certain essence that she‚Ä¶ https://t.co/REJt0Oyorf",Sat Mar 31 21:23:16 +0000 2018,0.2732,0.139,0.0,0.861,32
332,FoxNews,"RT @FoxBusiness: Trump tariffs will keep China from ‚Äòscrewing‚Äô American workers, Kellyanne Conway says https://t.co/U8iZDV4gxl",Sat Mar 31 21:20:03 +0000 2018,0.0,0.0,0.0,1.0,33
333,FoxNews,RT @FoxBusiness: .@WaltDisneyWorld announces free dining for kids this summer https://t.co/CXTMd4GG0j https://t.co/5PCtTMLMKO,Sat Mar 31 21:20:00 +0000 2018,0.5106,0.231,0.0,0.769,34
334,FoxNews,".@RepGaramendi: ""I don't know what Jerry Brown had in mind."" https://t.co/WE6H3N8bxC https://t.co/tPmD5nHqmb",Sat Mar 31 21:18:40 +0000 2018,0.0,0.0,0.0,1.0,35
335,FoxNews,Kim Kardashian shares Caitlyn Jenner throwback picture before her transition https://t.co/zq9igN3N4k,Sat Mar 31 21:16:36 +0000 2018,0.296,0.18,0.0,0.82,36
336,FoxNews,"Consulate employees remove the U.S flag at the U.S. consulate in St. Petersburg, Russia. https://t.co/XP9mYWeylu",Sat Mar 31 21:04:54 +0000 2018,0.0,0.0,0.0,1.0,37
337,FoxNews,New Connecticut veterans memorial misspells president's name https://t.co/ze7cwdQMUw,Sat Mar 31 21:00:00 +0000 2018,0.0,0.0,0.0,1.0,38
338,FoxNews,EPA chief Scott Pruitt's rental of condo from energy lobbyist's wife under scrutiny https://t.co/MhPJAl5MrM,Sat Mar 31 20:58:39 +0000 2018,0.2732,0.139,0.0,0.861,39
339,FoxNews,'Are You Going to Answer the Question?': @TuckerCarlson Battles Assault Weapons Ban Advocate https://t.co/ZdzPJPIEft,Sat Mar 31 20:52:30 +0000 2018,-0.9169,0.0,0.563,0.437,40
340,FoxNews,Illegal immigrant nabbed after going on the lam in 1995 for impregnating 12-year-old daughter https://t.co/uUFkKRHmFS,Sat Mar 31 20:44:56 +0000 2018,-0.5574,0.0,0.205,0.795,41
341,FoxNews,Independent autopsy shows Stephon Clark was shot in the back several times. https://t.co/oP76CEgrcn https://t.co/QpTX3Yz876,Sat Mar 31 20:39:43 +0000 2018,0.0,0.0,0.0,1.0,42
342,FoxNews,.@Pontifex holds a candle as he presides over a solemn #Easter vigil ceremony in St. Peter's Basilica at the Vatica‚Ä¶ https://t.co/3NEhBDHyjl,Sat Mar 31 20:36:54 +0000 2018,-0.0772,0.0,0.067,0.933,43
343,FoxNews,"RT @EricShawnTV: I anchor @FoxNews at 5pm EDT with @ArthelNeville: As the #Hamas unrest continues, @IsraeliPM @netanyahu spokesman @DavidKe‚Ä¶",Sat Mar 31 20:34:43 +0000 2018,0.0,0.0,0.0,1.0,44
344,FoxNews,"On ""Hannity"" last night, @HeyTammyBruce said that as a feminist she was embarrassed by @HillaryClinton's behavior s‚Ä¶ https://t.co/9SA8H0gkX1",Sat Mar 31 20:32:00 +0000 2018,-0.3612,0.0,0.135,0.865,45
345,FoxNews,.@DrMGuillen: #Easter‚Äôs blue moon is a message from the heavens https://t.co/RpEE5J34MU,Sat Mar 31 20:30:38 +0000 2018,0.4019,0.231,0.0,0.769,46
346,FoxNews,"TOMORROW: The Civil War Begins on Episode 2 of 'Legends &amp; Lies', hosted by Brian @Kilmeade - Tune in at 8p ET on Fo‚Ä¶ https://t.co/pa8IKiHNIk",Sat Mar 31 20:29:00 +0000 2018,-0.5994,0.0,0.151,0.849,47
347,FoxNews,".@RepBrianMast, a Congressman from Florida and @USArmy veteran, demanded better service from the @DeptVetAffairs. https://t.co/YjfZeEvsBX",Sat Mar 31 20:24:29 +0000 2018,0.25,0.173,0.113,0.714,48
348,FoxNews,Trump calls Amazon's deal with Postal Service a 'scam' costing 'billions' https://t.co/IZo9zPtOLP,Sat Mar 31 19:44:24 +0000 2018,0.0,0.0,0.0,1.0,49
349,FoxNews,California Sen. @KamalaHarris slammed the @NRA for its spike in donations since the Parkland high school shooting.‚Ä¶ https://t.co/PBAqGtq0ZU,Sat Mar 31 19:28:53 +0000 2018,0.0,0.0,0.0,1.0,50
350,FoxNews,"TONIGHT on @WattersWorld, @JesseBWatters has an exclusive interview with Carter Page - Tune in tonight at 8p ET on‚Ä¶ https://t.co/WNwMkeXlHc",Sat Mar 31 19:25:00 +0000 2018,0.128,0.077,0.0,0.923,51
351,FoxNews,Fox News Poll: More enthusiastic about voting this year than usual. https://t.co/ChTZ7ubgwE,Sat Mar 31 19:20:00 +0000 2018,0.5413,0.241,0.0,0.759,52
352,FoxNews,.@HillaryClinton: No one tells a man to go away. https://t.co/VGn9BcoKnF https://t.co/xkwPnjmL4V,Sat Mar 31 19:15:00 +0000 2018,-0.296,0.0,0.196,0.804,53
353,FoxNews,".@RepDaveBrat: ""The new appointment isn't sufficient. He reports to Rosenstein and Rosenstein is in the middle of t‚Ä¶ https://t.co/rax6szJWoI",Sat Mar 31 19:10:04 +0000 2018,0.0,0.0,0.0,1.0,54
354,FoxNews,"Sheriff Mark Dannels: ""We need to have a secure border in this country."" https://t.co/dNm1Dwb7jn",Sat Mar 31 19:05:00 +0000 2018,0.34,0.167,0.0,0.833,55
355,FoxNews,"RT @FoxBusiness: .@KatrinaCampins on rising mortgage rates: ""It's time to really take advantage of these rates now before they continue to‚Ä¶",Sat Mar 31 18:58:06 +0000 2018,0.3134,0.102,0.0,0.898,56
356,FoxNews,"RT @FoxBusiness: Yeti IPO canceled: $1,300 cooler seller cites ‚Äòmarket conditions‚Äô https://t.co/XZm1I59pfq",Sat Mar 31 18:58:04 +0000 2018,0.0,0.0,0.0,1.0,57
357,FoxNews,"Sheriff A.J. Louderback: ""We're a nation of laws, and Texas sheriffs and sheriffs across this country are here to s‚Ä¶ https://t.co/ii97bl9RmU",Sat Mar 31 18:58:00 +0000 2018,0.0,0.0,0.0,1.0,58
358,FoxNews,".@GiannoCaldwell on Statue Removal: Keep the Founders Up, Put Confederates in Museums https://t.co/4CZC1er3J4",Sat Mar 31 18:55:10 +0000 2018,0.0,0.0,0.0,1.0,59
359,FoxNews,"Meghan Markle and Prince Harry's wedding reported to cost a grand $45 million
https://t.co/HjM7XrhN27",Sat Mar 31 18:54:45 +0000 2018,0.4588,0.2,0.0,0.8,60
360,FoxNews,"A top @CBP official pushed back Friday on reports that frontline border agents do not support @POTUS‚Äô border wall,‚Ä¶ https://t.co/aeKNXDIUoS",Sat Mar 31 18:53:22 +0000 2018,-0.1174,0.085,0.107,0.807,61
361,FoxNews,".@Beyonce bite: Sanaa Lathan is reportedly the star who bit the singer 
https://t.co/nwkV4SOHPa",Sat Mar 31 18:48:07 +0000 2018,0.0,0.0,0.0,1.0,62
362,FoxNews,Alabama man directs girlfriend to rape his 11-year-old autistic son he believed was gay https://t.co/PvoJqb6A6C,Sat Mar 31 18:40:09 +0000 2018,-0.6908,0.0,0.251,0.749,63
363,FoxNews,Teen battling cancer crowned honorary prom queen by South Carolina high school https://t.co/77XM6dvN5D,Sat Mar 31 18:37:39 +0000 2018,-0.6249,0.127,0.344,0.529,64
364,FoxNews,Pippa Middleton's father-in-law arrested and charged with raping a child in 1990s https://t.co/dgH1580iMX,Sat Mar 31 18:33:30 +0000 2018,-0.8658,0.0,0.519,0.481,65
365,FoxNews,Independent autopsy shows Stephon Clark was shot in the back several times. https://t.co/oP76CEgrcn https://t.co/fz5u8VYBHE,Sat Mar 31 18:32:00 +0000 2018,0.0,0.0,0.0,1.0,66
366,FoxNews,Students at Florida high school stage walkout in support of Second Amendment https://t.co/io7iqMzOIq,Sat Mar 31 18:15:30 +0000 2018,0.1027,0.169,0.144,0.688,67
367,FoxNews,'Palm Sunday Massacre' gunman who killed 10 people in 1984 discreetly released from prison https://t.co/scZlYODzSF,Sat Mar 31 18:09:32 +0000 2018,-0.8316,0.0,0.375,0.625,68
368,FoxNews,President @realDonaldTrump rips California governor for pardoning ex-cons facing deportation https://t.co/o01j8DXBO7 https://t.co/EltghzNHte,Sat Mar 31 18:02:38 +0000 2018,0.4019,0.197,0.0,0.803,69
369,FoxNews,".@RobertJohnDavi Praises 'Roseanne' Reboot: Hollywood Usually Shows 'Antithesis' of 'America First'
https://t.co/hYJ9MC5xjh",Sat Mar 31 17:55:21 +0000 2018,0.5267,0.236,0.0,0.764,70
370,FoxNews,".@HeyTammyBruce: ""As a feminist, it's embarrassing I think for every woman out there that this woman who's the firs‚Ä¶ https://t.co/4YDvLyi9tu",Sat Mar 31 17:49:03 +0000 2018,-0.3818,0.0,0.133,0.867,71
371,FoxNews,".@MissDiagnosis: ""Women associated with terrorism have many roles. They have been enablers. They have been handlers‚Ä¶ https://t.co/RcchIXcULD",Sat Mar 31 17:49:00 +0000 2018,-0.6808,0.0,0.223,0.777,72
372,FoxNews,Winning ticket for Mega Millions jackpot sold in New Jersey https://t.co/DfuJZFzazv,Sat Mar 31 17:42:03 +0000 2018,0.5267,0.254,0.0,0.746,73
373,FoxNews,".@RepGaramendi: ""I don't know what Jerry Brown had in mind."" https://t.co/WE6H3NpMpa https://t.co/x2BXnu2Efv",Sat Mar 31 17:36:00 +0000 2018,0.0,0.0,0.0,1.0,74
374,FoxNews,".@RepMikeCoffman: ""Former @SecShulkin was removed because he was an incompetent leader."" https://t.co/IuPmo7Ghan",Sat Mar 31 17:30:15 +0000 2018,-0.4767,0.0,0.22,0.78,75
375,FoxNews,"Anti-Trump artists convert NYC Trump hotel room into exhibit complete with live rats
https://t.co/SQ9g8FMd9B",Sat Mar 31 17:25:18 +0000 2018,0.0,0.0,0.0,1.0,76
376,FoxNews,"On @foxandfriends, @RealCandaceO called @HillaryClinton's recent comments ""remarkably tone-deaf.""‚Ä¶ https://t.co/ZdnZkfORno",Sat Mar 31 17:25:00 +0000 2018,0.0,0.0,0.0,1.0,77
377,FoxNews,"RT @FoxBusiness: .@kayleighmcenany: ""We want to defund sanctuary cities, we want to defund @PPFA. These are basic conservative principles..‚Ä¶",Sat Mar 31 17:22:07 +0000 2018,0.1531,0.133,0.0,0.867,78
378,FoxNews,RT @FoxBusiness: Toys ‚ÄòR‚Äô Us would-be savior disappointed others haven‚Äôt stepped forward https://t.co/5oZJ51v0aH,Sat Mar 31 17:22:04 +0000 2018,-0.4767,0.0,0.205,0.795,79
379,FoxNews,"RT @FoxBusiness: Twitter officially bans cryptocurrency ads, joining Facebook, Google https://t.co/vKDfwn7sJV",Sat Mar 31 17:21:57 +0000 2018,0.0,0.0,0.0,1.0,80
380,FoxNews,"TOMORROW on @SundayFutures, @MariaBartiromo speaks to @DarrellIssa and Gen. Jack Keane - Tune in at 10a ET on Fox N‚Ä¶ https://t.co/LSXHd7LHDb",Sat Mar 31 17:20:00 +0000 2018,0.0,0.0,0.0,1.0,81
381,FoxNews,"Bullied Oklahoma boy, 7, adopts rescue cat with same rare eye condition and cleft lip https://t.co/l5p1EwI6VD",Sat Mar 31 17:14:50 +0000 2018,-0.0258,0.226,0.186,0.588,82
382,FoxNews,".@Peggynoonannyc: The wisdom of Oscar Hammerstein -- What his example can teach us today
https://t.co/qnPMiJRSpF",Sat Mar 31 17:10:56 +0000 2018,0.5267,0.195,0.0,0.805,83
383,FoxNews,".@dangainor: Trump‚Äôs census question sends media into panic and other ridiculous news disasters
https://t.co/LjOxn589xG",Sat Mar 31 17:08:56 +0000 2018,-0.8555,0.0,0.461,0.539,84
384,FoxNews,Disney star Alyson Stoner opens up about sexuality: 'I fell in love with a woman' https://t.co/w2IBIh4gxO,Sat Mar 31 16:59:01 +0000 2018,0.6369,0.231,0.0,0.769,85
385,FoxNews,".@RealCandaceO: ""[@TheDemocrats] have been flying on autopilot for so long, just throwing out names - everybody's r‚Ä¶ https://t.co/DSSAZwhq7R",Sat Mar 31 16:53:35 +0000 2018,0.0,0.0,0.0,1.0,86
386,FoxNews,"TOMORROW: The Civil War Begins on Episode 2 of 'Legends &amp; Lies', hosted by Brian @Kilmeade - Tune in at 8p ET on Fo‚Ä¶ https://t.co/VzGJHwAeDy",Sat Mar 31 16:49:00 +0000 2018,-0.5994,0.0,0.151,0.849,87
387,FoxNews,"On @foxandfriends, @dbongino slammed liberal teachers who bring their politics into the classroom.‚Ä¶ https://t.co/nexv9QPmwK",Sat Mar 31 16:45:00 +0000 2018,0.0,0.0,0.0,1.0,88
388,FoxNews,".@KevinJacksonTBS on 'universal' income: ""Why don't they just give out lottery tickets, cigarettes, and liquor whil‚Ä¶ https://t.co/huCXZEPvRi",Sat Mar 31 16:40:05 +0000 2018,0.0,0.0,0.0,1.0,89
389,FoxNews,".@THEHermanCain: ""Fix the Post Office. Fix the postal system. It has been losing money for decades and they won't f‚Ä¶ https://t.co/6dtRtPjNpL",Sat Mar 31 16:34:00 +0000 2018,-0.3818,0.0,0.115,0.885,90
390,FoxNews,".@Mark_Penn: ""America always wants candidates to be gracious. I think you saw Al Gore after an incredibly difficult‚Ä¶ https://t.co/QAoAnNpMfT",Sat Mar 31 16:28:05 +0000 2018,0.5574,0.175,0.0,0.825,91
391,FoxNews,".@RobertJohnDavi: ""@therealroseanne always had an every-man appeal, every-woman appeal... A certain essence that sh‚Ä¶ https://t.co/5G1ew4rQOD",Sat Mar 31 16:16:01 +0000 2018,0.2732,0.139,0.0,0.861,92
392,FoxNews,TOMORROW: @FoxNewsSunday has an exclusive interview with @LindseyGrahamSC - Tune in at 2p &amp; 7p ET on Fox News Chann‚Ä¶ https://t.co/zirLJQuxFf,Sat Mar 31 16:14:18 +0000 2018,0.128,0.073,0.0,0.927,93
393,FoxNews,An Arizona highway patrolman gave his colleagues a tearful goodbye on his last day on the job after serving for 37‚Ä¶ https://t.co/3hcGqSrnkW,Sat Mar 31 16:07:53 +0000 2018,0.0,0.0,0.0,1.0,94
394,FoxNews,"Andrew Pollack, daughter Meadow killed in Parkland shooting: ""We live in the greatest country in the world. We've g‚Ä¶ https://t.co/cTFNtDBjyn",Sat Mar 31 16:07:00 +0000 2018,-0.0772,0.157,0.169,0.674,95
395,FoxNews,".@RobertJohnDavi: ""Hollywood had always had a certain kind of left-wing leaning... For the last 50 years it's gotte‚Ä¶ https://t.co/9mr5b8w6MR",Sat Mar 31 16:02:21 +0000 2018,0.2732,0.11,0.0,0.89,96
396,FoxNews,Chrissy Teigen 'grew up' with 'Roseanne' but says she will not watch reboot https://t.co/pthlGFnWQH,Sat Mar 31 15:56:01 +0000 2018,0.0,0.0,0.0,1.0,97
397,FoxNews,".@RepGoodlatte: ""We really think this should be an investigation outside of the Department of Justice."" https://t.co/wO8RXpx1a3",Sat Mar 31 15:47:23 +0000 2018,0.0,0.0,0.0,1.0,98
398,FoxNews,Footage shows Texas man pointing gun at officer before being shot to death https://t.co/bLbK9DlfL8,Sat Mar 31 15:35:47 +0000 2018,-0.743,0.0,0.344,0.656,99
399,FoxNews,Black Bear Wakes from Hibernation in Glacier National Park https://t.co/uhQwtXmuem,Sat Mar 31 15:33:17 +0000 2018,0.0,0.0,0.0,1.0,100
400,nytimes,"The @FrugalTraveler explores Tuscon, Arizona, and finds great food (at great prices) ‚Äî but also stunning natural be‚Ä¶ https://t.co/XVl52uwcqf",Sat Mar 31 22:58:13 +0000 2018,0.8945,0.456,0.0,0.544,1
401,nytimes,"In Ann Arbor, and in Detroit, Albert Kahn‚Äôs buildings not only seem modern ‚Äî they‚Äôre timeless https://t.co/GLllJNfB2F",Sat Mar 31 22:39:19 +0000 2018,0.0,0.0,0.0,1.0,2
402,nytimes,"Like the best simple desserts, this one is plain. Nothing about its looks dazzles. But there‚Äôs beauty in its homeli‚Ä¶ https://t.co/iCI7L0JL5d",Sat Mar 31 22:19:59 +0000 2018,0.8885,0.368,0.0,0.632,3
403,nytimes,"She wasn‚Äôt looking for a husband when she moved to a new apartment in 2010, but that's exactly what she found https://t.co/kg449CilwX",Sat Mar 31 22:00:23 +0000 2018,0.0,0.0,0.0,1.0,4
404,nytimes,‚Äò2 Bitter Options‚Äô for Syrians Trapped Between Assad and Extremists https://t.co/BqTPXUzSx2,Sat Mar 31 21:53:47 +0000 2018,-0.7351,0.0,0.408,0.592,5
405,nytimes,"Review: A Pulitzer Sequel for Orchestra, Packed With Drama in Microcosm https://t.co/lcTYeM4yiC",Sat Mar 31 21:51:20 +0000 2018,0.0,0.0,0.0,1.0,6
406,nytimes,"Pope Francis washed the feet of prisoners at a prison in Rome. ""Everyone always has the opportunity to change life‚Ä¶ https://t.co/uiyxAOvNy9",Sat Mar 31 21:50:04 +0000 2018,-0.5859,0.106,0.25,0.644,7
407,nytimes,"Whether consumed in Manila's heat or on the edge of a New York winter, adobo holds the power to change moods and al‚Ä¶ https://t.co/Y8zMawkSKu",Sat Mar 31 21:40:03 +0000 2018,0.0,0.0,0.0,1.0,8
408,nytimes,"In college basketball, Catholic schools have long punched well above their weight. Theological explanations are tem‚Ä¶ https://t.co/uZSSVlH0pr",Sat Mar 31 21:30:14 +0000 2018,0.2732,0.116,0.0,0.884,9
409,nytimes,"""Burn the bra! Burn the heels!"" says TV's most famous Wonder Woman, Lynda Carter https://t.co/rBMs9Iv2Ab",Sat Mar 31 21:15:04 +0000 2018,0.0,0.0,0.0,1.0,10
410,nytimes,"For the holiday weekend, here are 20 movies on Netflix that will engage the young and entertain the old (without of‚Ä¶ https://t.co/3pZPzifBbA",Sat Mar 31 21:00:16 +0000 2018,0.7506,0.28,0.0,0.72,11
411,nytimes,"Delores Taylor's empathy for Native Americans informed the 1971 hit ""Billy Jack,"" which she wrote and starred in wi‚Ä¶ https://t.co/lgxo6AVRgw",Sat Mar 31 20:50:04 +0000 2018,0.0,0.0,0.0,1.0,12
412,nytimes,What can a homeowner do to find a good contractor and avoid a renovation nightmare? https://t.co/jsGDHeqG1W,Sat Mar 31 20:40:03 +0000 2018,0.1779,0.18,0.137,0.683,13
413,nytimes,"Gov. Andrew Cuomo is using his $168 billion spending plan to exert control over New York City, upstaging its mayor‚Ä¶ https://t.co/oPE3Y1BMrb",Sat Mar 31 20:30:08 +0000 2018,0.0,0.0,0.0,1.0,14
414,nytimes,"Bail is a $2 billion industry, and bondsmen have unusual powers over their clients. In many places, no one is keepi‚Ä¶ https://t.co/RPrwvlcNPO",Sat Mar 31 20:15:05 +0000 2018,-0.296,0.0,0.099,0.901,15
415,nytimes,Pippa Middleton's father-in-law is under investigation in France over allegations that he raped an underage girl in‚Ä¶ https://t.co/HBVGVz4Ddb,Sat Mar 31 20:00:17 +0000 2018,-0.6808,0.0,0.213,0.787,16
416,nytimes,"RT @NYTNational: In the six months since Harvey, @nytimes followed several families as they struggled to rebuild their lives. Some resident‚Ä¶",Sat Mar 31 19:52:06 +0000 2018,-0.34,0.0,0.107,0.893,17
417,nytimes,"The Justice Department‚Äôs death penalty unit faced accusations of gender bias and a ""sexualized environment"" under i‚Ä¶ https://t.co/f5MdDKuvTN",Sat Mar 31 19:45:05 +0000 2018,-0.7351,0.131,0.408,0.462,18
418,nytimes,"Malala Yousafzai said it was ‚Äúlike a dream‚Äù to visit her hometown in Pakistan‚Äôs Swat Valley, where the Taliban trie‚Ä¶ https://t.co/9tVsSSnEll",Sat Mar 31 19:36:10 +0000 2018,0.0,0.0,0.0,1.0,19
419,nytimes,"‚ÄúIt took me this many years to finally become a Texan. Harvey is not going to run us away."" https://t.co/IvekIvGgue",Sat Mar 31 19:15:10 +0000 2018,0.0,0.0,0.0,1.0,20
420,nytimes,"The @FrugalTraveler explores Tuscon, Arizona, and finds great food (at great prices) ‚Äî but also stunning natural be‚Ä¶ https://t.co/XVl52uwcqf",Sat Mar 31 22:58:13 +0000 2018,0.8945,0.456,0.0,0.544,21
421,nytimes,"In Ann Arbor, and in Detroit, Albert Kahn‚Äôs buildings not only seem modern ‚Äî they‚Äôre timeless https://t.co/GLllJNfB2F",Sat Mar 31 22:39:19 +0000 2018,0.0,0.0,0.0,1.0,22
422,nytimes,"Like the best simple desserts, this one is plain. Nothing about its looks dazzles. But there‚Äôs beauty in its homeli‚Ä¶ https://t.co/iCI7L0JL5d",Sat Mar 31 22:19:59 +0000 2018,0.8885,0.368,0.0,0.632,23
423,nytimes,"She wasn‚Äôt looking for a husband when she moved to a new apartment in 2010, but that's exactly what she found https://t.co/kg449CilwX",Sat Mar 31 22:00:23 +0000 2018,0.0,0.0,0.0,1.0,24
424,nytimes,‚Äò2 Bitter Options‚Äô for Syrians Trapped Between Assad and Extremists https://t.co/BqTPXUzSx2,Sat Mar 31 21:53:47 +0000 2018,-0.7351,0.0,0.408,0.592,25
425,nytimes,"Review: A Pulitzer Sequel for Orchestra, Packed With Drama in Microcosm https://t.co/lcTYeM4yiC",Sat Mar 31 21:51:20 +0000 2018,0.0,0.0,0.0,1.0,26
426,nytimes,"Pope Francis washed the feet of prisoners at a prison in Rome. ""Everyone always has the opportunity to change life‚Ä¶ https://t.co/uiyxAOvNy9",Sat Mar 31 21:50:04 +0000 2018,-0.5859,0.106,0.25,0.644,27
427,nytimes,"Whether consumed in Manila's heat or on the edge of a New York winter, adobo holds the power to change moods and al‚Ä¶ https://t.co/Y8zMawkSKu",Sat Mar 31 21:40:03 +0000 2018,0.0,0.0,0.0,1.0,28
428,nytimes,"In college basketball, Catholic schools have long punched well above their weight. Theological explanations are tem‚Ä¶ https://t.co/uZSSVlH0pr",Sat Mar 31 21:30:14 +0000 2018,0.2732,0.116,0.0,0.884,29
429,nytimes,"""Burn the bra! Burn the heels!"" says TV's most famous Wonder Woman, Lynda Carter https://t.co/rBMs9Iv2Ab",Sat Mar 31 21:15:04 +0000 2018,0.0,0.0,0.0,1.0,30
430,nytimes,"For the holiday weekend, here are 20 movies on Netflix that will engage the young and entertain the old (without of‚Ä¶ https://t.co/3pZPzifBbA",Sat Mar 31 21:00:16 +0000 2018,0.7506,0.28,0.0,0.72,31
431,nytimes,"Delores Taylor's empathy for Native Americans informed the 1971 hit ""Billy Jack,"" which she wrote and starred in wi‚Ä¶ https://t.co/lgxo6AVRgw",Sat Mar 31 20:50:04 +0000 2018,0.0,0.0,0.0,1.0,32
432,nytimes,What can a homeowner do to find a good contractor and avoid a renovation nightmare? https://t.co/jsGDHeqG1W,Sat Mar 31 20:40:03 +0000 2018,0.1779,0.18,0.137,0.683,33
433,nytimes,"Gov. Andrew Cuomo is using his $168 billion spending plan to exert control over New York City, upstaging its mayor‚Ä¶ https://t.co/oPE3Y1BMrb",Sat Mar 31 20:30:08 +0000 2018,0.0,0.0,0.0,1.0,34
434,nytimes,"Bail is a $2 billion industry, and bondsmen have unusual powers over their clients. In many places, no one is keepi‚Ä¶ https://t.co/RPrwvlcNPO",Sat Mar 31 20:15:05 +0000 2018,-0.296,0.0,0.099,0.901,35
435,nytimes,Pippa Middleton's father-in-law is under investigation in France over allegations that he raped an underage girl in‚Ä¶ https://t.co/HBVGVz4Ddb,Sat Mar 31 20:00:17 +0000 2018,-0.6808,0.0,0.213,0.787,36
436,nytimes,"RT @NYTNational: In the six months since Harvey, @nytimes followed several families as they struggled to rebuild their lives. Some resident‚Ä¶",Sat Mar 31 19:52:06 +0000 2018,-0.34,0.0,0.107,0.893,37
437,nytimes,"The Justice Department‚Äôs death penalty unit faced accusations of gender bias and a ""sexualized environment"" under i‚Ä¶ https://t.co/f5MdDKuvTN",Sat Mar 31 19:45:05 +0000 2018,-0.7351,0.131,0.408,0.462,38
438,nytimes,"Malala Yousafzai said it was ‚Äúlike a dream‚Äù to visit her hometown in Pakistan‚Äôs Swat Valley, where the Taliban trie‚Ä¶ https://t.co/9tVsSSnEll",Sat Mar 31 19:36:10 +0000 2018,0.0,0.0,0.0,1.0,39
439,nytimes,"‚ÄúIt took me this many years to finally become a Texan. Harvey is not going to run us away."" https://t.co/IvekIvGgue",Sat Mar 31 19:15:10 +0000 2018,0.0,0.0,0.0,1.0,40
440,nytimes,"Mary Gordon's advice to her female students at Barnard College: ""Do not speak into your collar when you tell me you‚Ä¶ https://t.co/3ijSNgxOkW",Sat Mar 31 19:00:05 +0000 2018,0.0,0.0,0.0,1.0,41
441,nytimes,This kiosk's therapeutic goal is to recreate the distinctive smell of the ballpark for these nursing home residents https://t.co/ONWhaBGznR,Sat Mar 31 18:45:07 +0000 2018,0.0,0.0,0.0,1.0,42
442,nytimes,Laura Ingraham is taking a week off after she was criticized for saying that the Parkland shooting survivor David H‚Ä¶ https://t.co/oVPoj4Zx3a,Sat Mar 31 18:30:11 +0000 2018,0.0,0.109,0.109,0.783,43
443,nytimes,"Hey, Alexa, what can you hear? And what will you do with it? https://t.co/HfPwWzYh4a",Sat Mar 31 18:15:05 +0000 2018,0.0,0.0,0.0,1.0,44
444,nytimes,Oprah. Martha. Gwyneth. Bobbi? https://t.co/Ifm2nTePVs,Sat Mar 31 18:00:12 +0000 2018,0.0,0.0,0.0,1.0,45
445,nytimes,"Tesla's Autopilot feature had been turned on before a fatal car crash, raising more questions about the safety of t‚Ä¶ https://t.co/MsqSwmL3MV",Sat Mar 31 17:45:05 +0000 2018,-0.5267,0.108,0.238,0.654,46
446,nytimes,"Vermont's new gun restrictions are a remarkable departure from the state‚Äôs existing laws, which are some of the wea‚Ä¶ https://t.co/YsTvVbahgY",Sat Mar 31 17:30:12 +0000 2018,0.296,0.157,0.104,0.739,47
447,nytimes,"Stephen Hawking's funeral was held in Cambridge, England. Eddie Redmayne, who played him in ""The Theory of Everythi‚Ä¶ https://t.co/dQAsvTcchL",Sat Mar 31 17:15:08 +0000 2018,-0.0258,0.11,0.114,0.776,48
448,nytimes,"Researchers have made new discoveries about the in-between spaces in the human body, and some say it‚Äôs time to rewr‚Ä¶ https://t.co/kwD407jp1Y",Sat Mar 31 17:00:11 +0000 2018,0.0,0.0,0.0,1.0,49
449,nytimes,Our favorite Passover sweets https://t.co/G1g60fMOwj,Sat Mar 31 16:45:08 +0000 2018,0.7351,0.674,0.0,0.326,50
450,nytimes,The Trump administration has said that the teenagers seeking an abortion could either find a sponsor or voluntarily‚Ä¶ https://t.co/ByAbyUGhJU,Sat Mar 31 16:30:16 +0000 2018,0.0,0.0,0.0,1.0,51
451,nytimes,"Commercial bail has grown into a $2 billion industry, and bond agents have become the payday lenders of the crimina‚Ä¶ https://t.co/zh9i0J8Re5",Sat Mar 31 16:15:04 +0000 2018,0.0,0.0,0.0,1.0,52
452,nytimes,He had a breakdown and later found refuge in a Bronx boatyard. He‚Äôd been running from a past most people would envy. https://t.co/BuGYaFbhmK,Sat Mar 31 16:00:23 +0000 2018,-0.3321,0.0,0.111,0.889,53
453,nytimes,The Compton Cowboys are 10 friends on a mission to combat negative stereotypes about African-Americans and the city‚Ä¶ https://t.co/y2duukhKgp,Sat Mar 31 15:45:06 +0000 2018,-0.4588,0.128,0.252,0.62,54
454,nytimes,"In @NYTOpinion, 

Op-Ed Columnist @FrankBruni talks to Ann Coulter about becoming a Trump critic, after being one o‚Ä¶ https://t.co/DVjzvcb4Tg",Sat Mar 31 15:30:15 +0000 2018,-0.2732,0.0,0.11,0.89,55
455,nytimes,"Less than 5 weeks after declaring her candidacy for Congress, Stacey Dash is withdrawing from the race to represent‚Ä¶ https://t.co/SjSx6fi6xA",Sat Mar 31 15:15:04 +0000 2018,0.0,0.0,0.0,1.0,56
456,nytimes,The week's most notable new music https://t.co/ZVgG5tgSdj,Sat Mar 31 15:00:05 +0000 2018,0.0,0.0,0.0,1.0,57
457,nytimes,"RT @nytgraphics: Here's how Trump's top staff turnover compares to recent presidents. 
https://t.co/UWbco5N5Uo https://t.co/rKGYPfe56r",Sat Mar 31 14:45:07 +0000 2018,0.2023,0.122,0.0,0.878,58
458,nytimes,"EPA Chief Scott Pruitt, whose travel expenses have already drawn the attention of the House Oversight Committee, re‚Ä¶ https://t.co/oRWZj2YRZy",Sat Mar 31 14:35:02 +0000 2018,0.0,0.0,0.0,1.0,59
459,nytimes,"RT @karenyourish: Like a game of musical chairs, every week of the Trump administration seems to leave someone without a seat at the presid‚Ä¶",Sat Mar 31 14:25:04 +0000 2018,0.3182,0.105,0.051,0.844,60
460,nytimes,Do you know anyone in these civil rights photos? We‚Äôre hoping you might be able to help us identify these people.‚Ä¶ https://t.co/Mdr5O0em2P,Sat Mar 31 14:15:08 +0000 2018,0.6705,0.216,0.0,0.784,61
461,nytimes,"Notre Dame defeated UConn, the juggernaut of women‚Äôs basketball, in a Final Four overtime thriller. Next up: Missis‚Ä¶ https://t.co/4Od7gVsNcb",Sat Mar 31 14:00:09 +0000 2018,-0.4019,0.068,0.151,0.78,62
462,nytimes,"RT @nytimesarts: Tina Fey on how to make a ""Mean Girls"" musical: ""Embracing nerdery"" is ""the core of the story"" https://t.co/p3RSfYOJdT",Sat Mar 31 13:36:17 +0000 2018,0.0,0.0,0.0,1.0,63
463,nytimes,"Your Money: A Student Loan Fix for a Teacher, and Many Other Public Servants https://t.co/FEuSrUcNBc",Sat Mar 31 13:17:40 +0000 2018,0.0,0.0,0.0,1.0,64
464,nytimes,"The music that caught our critics‚Äô attention this week, including Cardi B's newest track https://t.co/GblXoLmkKV",Sat Mar 31 13:01:58 +0000 2018,0.0,0.0,0.0,1.0,65
465,nytimes,5 cheap(ish) things to help you become a better baker https://t.co/Vk5ggSbMyE,Sat Mar 31 12:43:02 +0000 2018,0.6808,0.444,0.0,0.556,66
466,nytimes,11 of Our Best Weekend Reads https://t.co/RHkjZ1rHnD,Sat Mar 31 12:22:08 +0000 2018,0.6369,0.412,0.0,0.588,67
467,nytimes,RT @nytimesmusic: Can North Korea handle a K-pop invasion? https://t.co/F2zKcnxqQK https://t.co/6q7DdCC7RZ,Sat Mar 31 12:05:44 +0000 2018,0.0,0.0,0.0,1.0,68
468,nytimes,"A martyr for Korean independence, Yu Gwan-sun died at 17 and went on to become a national hero‚Ä¶ https://t.co/DgJMIUTDSd",Sat Mar 31 11:47:59 +0000 2018,-0.5574,0.0,0.184,0.816,69
469,nytimes,RT @NYTSports: The Dubai World Cup started racing on a camel track. Now it's the world's richest day of horse racing. https://t.co/bmfvOEla‚Ä¶,Sat Mar 31 11:30:31 +0000 2018,0.5267,0.145,0.0,0.855,70
470,nytimes,"In case your heart is true, here's how to be a pal and a confidant https://t.co/Tz1wHLO2tR",Sat Mar 31 11:13:05 +0000 2018,0.4215,0.177,0.0,0.823,71
471,nytimes,The story of one White House dinner shows how the National Enquirer's publisher has used President Trump's friendsh‚Ä¶ https://t.co/j1OZfxKUut,Sat Mar 31 10:55:29 +0000 2018,0.0,0.0,0.0,1.0,72
472,nytimes,"Citing Trump‚Äôs ""overtly bigoted statements,"" a federal judge ruled that a lawsuit to preserve the DACA program coul‚Ä¶ https://t.co/sqCZD9i8Mw",Sat Mar 31 10:38:46 +0000 2018,-0.2263,0.0,0.106,0.894,73
473,nytimes,Carry On: What Tyra Banks Can‚Äôt Travel Without https://t.co/MXeShXsksT,Sat Mar 31 10:21:34 +0000 2018,0.0,0.0,0.0,1.0,74
474,nytimes,"RT @NYTMetro: The nanny who killed two children on the Upper West Side believed she was acting on a command from the Devil, a psychiatrist‚Ä¶",Sat Mar 31 10:19:02 +0000 2018,-0.872,0.0,0.298,0.702,75
475,nytimes,"Doctors: You‚Äôve Detailed Your Last Wishes, but Doctors May Not See Them https://t.co/tBuzWxgZOJ",Sat Mar 31 10:02:59 +0000 2018,0.0772,0.098,0.0,0.902,76
476,nytimes,His wife's therapist told her to write a letter to his therapist. Did that cross a line? https://t.co/cbhZfmBA0o,Sat Mar 31 09:47:49 +0000 2018,0.0,0.0,0.0,1.0,77
477,nytimes,Why do cracking knuckles make that sound? You might need a calculator to explain it. https://t.co/NduaA792O0,Sat Mar 31 09:30:49 +0000 2018,0.0,0.0,0.0,1.0,78
478,nytimes,Hope Hicks has left the building. Those left behind are wondering what happens now. https://t.co/hcrVO6Tk6K,Sat Mar 31 09:13:56 +0000 2018,0.4404,0.172,0.0,0.828,79
479,nytimes,5 times David Pecker and The National Enquirer have defended or championed President Trump https://t.co/6Q77qgM8KR,Sat Mar 31 08:56:53 +0000 2018,0.296,0.145,0.0,0.855,80
480,nytimes,There remains a strong correlation between marriage and economic class in the American higher education system https://t.co/eEOrW8YT06,Sat Mar 31 08:40:25 +0000 2018,0.5106,0.18,0.0,0.82,81
481,nytimes,RT @nytfood: How Maida Heatter's famous East 62nd Street lemon cake came to be https://t.co/ZGpbqHQmjJ https://t.co/nU45f9zzhv,Sat Mar 31 08:21:17 +0000 2018,0.0,0.0,0.0,1.0,82
482,nytimes,Loyola‚Äôs Ben Richardson and Clayton Custer have been winning basketball games together since they were in third gra‚Ä¶ https://t.co/SSVjJyVfZI,Sat Mar 31 08:04:36 +0000 2018,0.5267,0.159,0.0,0.841,83
483,nytimes,14 Million Visitors to U.S. Face Social Media Screening https://t.co/KNXBKtOasv,Sat Mar 31 07:48:20 +0000 2018,0.0,0.0,0.0,1.0,84
484,nytimes,"The case of the missing sport coat has it all: video evidence, reparations, multiple apologies and a Final Four coa‚Ä¶ https://t.co/3BEeHImbqy",Sat Mar 31 07:37:38 +0000 2018,-0.296,0.0,0.104,0.896,85
485,nytimes,The history of basketball excellence at Catholic colleges stretches back as long as the tournament itself https://t.co/EtmzTYxAa6,Sat Mar 31 07:21:19 +0000 2018,0.6249,0.204,0.0,0.796,86
486,nytimes,"Gym.
Tan.
Laundry.
Check on the kids. 
https://t.co/diSmCcvhfu",Sat Mar 31 07:05:05 +0000 2018,0.0,0.0,0.0,1.0,87
487,nytimes,"Before Loyola won it‚Äôs only NCAA championship in 1963, the integrated team met an all-white team from Mississippi S‚Ä¶ https://t.co/JtuxIAJEsQ",Sat Mar 31 06:48:34 +0000 2018,0.765,0.268,0.0,0.732,88
488,nytimes,You know Loyola‚Äôs Sister Jean. Meet Villanova‚Äôs Father Rob. https://t.co/Dmq81J1abn,Sat Mar 31 06:32:18 +0000 2018,-0.5574,0.0,0.286,0.714,89
489,nytimes,"Four trips to the Final Four with Maguire are considered enough to graduate, with a degree in bracketology and a mi‚Ä¶ https://t.co/jFTxeL9QSd",Sat Mar 31 06:16:03 +0000 2018,0.0,0.0,0.0,1.0,90
490,nytimes,"There‚Äôs been talk of bankruptcy swirling around Gibson, the Nashville-based guitar company. What happened? https://t.co/DNgMSBZpwT",Sat Mar 31 05:59:12 +0000 2018,0.0,0.0,0.0,1.0,91
491,nytimes,A Russian man accused of hacking 3 American tech companies in 2012 has been extradited to the U.S. https://t.co/6bV8bpGhaw,Sat Mar 31 05:40:19 +0000 2018,-0.296,0.0,0.121,0.879,92
492,nytimes,"RT @nytimesarts: The pictures in this exhibition are a vivid indication of how Sally Mann turned her fears into art, our critic writes http‚Ä¶",Sat Mar 31 05:24:06 +0000 2018,-0.5994,0.0,0.189,0.811,93
493,nytimes,"RT @ronlieber: That teacher with the student loan forgiveness problem I wrote about a few months back? The column fixed that problem, and t‚Ä¶",Sat Mar 31 05:07:49 +0000 2018,-0.5106,0.079,0.204,0.717,94
494,nytimes,"President Trump attacked Amazon, saying that it does not pay enough taxes and uses the United States postal system‚Ä¶ https://t.co/DhulEmxyAf",Sat Mar 31 04:51:22 +0000 2018,0.2013,0.234,0.121,0.645,95
495,nytimes,Judge Temporarily Stops U.S. From Blocking Undocumented Teenagers‚Äô Abortions https://t.co/9spkLwsskX,Sat Mar 31 04:35:13 +0000 2018,-0.4939,0.0,0.344,0.656,96
496,nytimes,Tesla Says Crashed Vehicle Had Been on Autopilot Before Fatal Accident https://t.co/ncu76CWMuV,Sat Mar 31 04:23:19 +0000 2018,-0.765,0.0,0.398,0.602,97
497,nytimes,What You Might Have Missed: 10 Weekend Reads From Opinion https://t.co/YUFD15bm6i,Sat Mar 31 04:14:02 +0000 2018,-0.296,0.0,0.18,0.82,98
498,nytimes,UConn Is Upset by Notre Dame in OT in the Women‚Äôs Final Four https://t.co/03MAnmcJ8R,Sat Mar 31 04:04:37 +0000 2018,-0.3818,0.0,0.167,0.833,99
499,nytimes,"At your fingertips: The many sides of David Bowie. 

He was a musician, actor, painter, fashion pioneer ‚Äî and never‚Ä¶ https://t.co/U1uY2wWw1e",Sat Mar 31 04:00:19 +0000 2018,0.0,0.0,0.0,1.0,100
